ObjectName,x_pos,y_pos,z_pos,w_qua,x_qua,y_qua,z_qua
SM_Road_01_0_SM_Road_01_2,-38.82243347167969,0.3158348500728607,4.579036712646484,1.0,-0.0,0.0,0.0
SM_Road_01_0_SM_Road_2,-73.82243347167969,0.3158348500728607,4.579036712646484,1.0,-0.0,0.0,0.0
SM_Road_01_0_SM_Road_3,-108.82243347167969,0.3158348500728607,4.579036712646484,1.0,-0.0,0.0,0.0
SM_Road_01_0_SM_Road_4,-143.8224334716797,0.3158348500728607,4.579036712646484,1.0,-0.0,0.0,0.0
SM_Road_01_0_SM_Road_5,-178.8224334716797,0.3158348500728607,4.579036712646484,1.0,-0.0,0.0,0.0
SM_Road_01_0_SM_Road_6,-213.8224334716797,0.3158348500728607,4.579036712646484,1.0,-0.0,0.0,0.0
SM_Road_01_0_SM_Road_7,-248.8224334716797,0.3158348500728607,4.579036712646484,1.0,-0.0,0.0,0.0
SM_Delineator_01_0_SM_Delineator_01_321,-11.815550804138184,4.114560127258301,4.579076290130615,0.0016421169275417924,3.565567112673307e-06,-0.0023009469732642174,0.9999960064888
SM_Delineator_01_0_SM_Delineator_3,-51.79946517944336,4.114560127258301,4.579076290130615,6.123234262925839e-17,-0.0,0.0,1.0
SM_Delineator_01_0_SM_Delineator_5,-91.79946899414062,4.114560127258301,4.579076290130615,0.14418719708919525,-0.006227103993296623,-0.04269446060061455,0.9886093735694885
SM_Delineator_01_0_SM_Delineator_7,-131.79946899414062,4.114560127258301,4.579076290130615,3.947061770759319e-07,1.891059326908362e-07,-0.025914214551448822,-0.9996641874313354
SM_Delineator_01_0_SM_Delineator_9,-171.79946899414062,4.114560127258301,4.579076290130615,6.123234262925839e-17,-0.0,0.0,1.0
SM_Delineator_01_0_SM_Delineator_11,-211.79946899414062,4.114560127258301,4.579076290130615,6.123234262925839e-17,-0.0,0.0,1.0
SM_Delineator_01_0_SM_Delineator_341,-11.799036979675293,-3.426762819290161,4.579076290130615,1.0,-0.0,0.0,0.0
SM_Delineator_01_0_SM_Delineator_342,-51.79903793334961,-3.426762819290161,4.579076290130615,0.99652498960495,-0.052198298275470734,-0.06482052803039551,-0.003395319916307926
SM_Delineator_01_0_SM_Delineator_343,-91.79903411865234,-3.426762819290161,4.579076290130615,1.0,-0.0,0.0,0.0
SM_Delineator_01_0_SM_Delineator_344,-131.79904174804688,-3.426762819290161,4.579076290130615,0.9986339211463928,2.8672982921307266e-07,0.05225178971886635,-1.5002640907368914e-08
SM_Delineator_01_0_SM_Delineator_345,-171.7990264892578,-3.426762819290161,4.579076290130615,0.999668300151825,0.025754505768418312,5.362638262340624e-07,-1.3815792954119388e-08
SM_Delineator_01_0_SM_Delineator_346,-211.7990264892578,-3.426762819290161,4.579076290130615,0.997197151184082,-0.07481909543275833,4.7550062731716025e-07,3.567652484548489e-08
SM_KangarooSign_01_0_SM_KangarooSign_01_349,-9.241214752197266,4.310771465301514,4.579075813293457,0.706969141960144,0.01396459061652422,0.013964594341814518,-0.7069686055183411
SM_KangarooSign_01_0_SM_KangarooSign_352,-9.241214752197266,-3.576220750808716,4.579075813293457,0.7070871591567993,-0.0052648489363491535,0.005264853592962027,0.7070871591567993
SM_KangarooSign_01_0_SM_KangarooSign_3,-159.2412109375,4.310771465301514,4.579075813293457,0.7071067690849304,0.0,-0.0,-0.7071067690849304
SM_KangarooSign_01_0_SM_KangarooSign_4,-159.2412109375,-3.576220750808716,4.579075813293457,0.7071067690849304,-0.0,0.0,0.7071067690849304
SM_Scatter_03_A_0_InstancedFoliageActor_0,-139.9636688232422,48.13120651245117,4.5789875984191895,1.0,-0.0,0.0,0.0
SM_Scatter_03_B_1_InstancedFoliageActor_0,-139.9636688232422,48.13120651245117,4.5789875984191895,1.0,-0.0,0.0,0.0
SM_Scatter_02_A_2_InstancedFoliageActor_0,-139.9636688232422,48.13120651245117,4.5789875984191895,1.0,-0.0,0.0,0.0
SM_Scatter_02_B_3_InstancedFoliageActor_0,-139.9636688232422,48.13120651245117,4.5789875984191895,1.0,-0.0,0.0,0.0
SM_Scatter_02_C_4_InstancedFoliageActor_0,-139.9636688232422,48.13120651245117,4.5789875984191895,1.0,-0.0,0.0,0.0
SM_Scatter_02_D_5_InstancedFoliageActor_0,-139.9636688232422,48.13120651245117,4.5789875984191895,1.0,-0.0,0.0,0.0
SM_Scatter_05_6_InstancedFoliageActor_0,-139.9636688232422,48.13120651245117,4.5789875984191895,1.0,-0.0,0.0,0.0
SM_Scatter_02_E_7_InstancedFoliageActor_0,-139.9636688232422,48.13120651245117,4.5789875984191895,1.0,-0.0,0.0,0.0
SM_Scatter_02_F_8_InstancedFoliageActor_0,-139.9636688232422,48.13120651245117,4.5789875984191895,1.0,-0.0,0.0,0.0
SM_Scatter_02_G_9_InstancedFoliageActor_0,-139.9636688232422,48.13120651245117,4.5789875984191895,1.0,-0.0,0.0,0.0
SM_Scatter_02_H_10_InstancedFoliageActor_0,-139.9636688232422,48.13120651245117,4.5789875984191895,1.0,-0.0,0.0,0.0
SM_Scatter_02_I_11_InstancedFoliageActor_0,-139.9636688232422,48.13120651245117,4.5789875984191895,1.0,-0.0,0.0,0.0
SM_Scatter_02_J_12_InstancedFoliageActor_0,-139.9636688232422,48.13120651245117,4.5789875984191895,1.0,-0.0,0.0,0.0
SM_Scatter_04_D_13_InstancedFoliageActor_0,-139.9636688232422,48.13120651245117,4.5789875984191895,1.0,-0.0,0.0,0.0
SM_Scatter_01_B_14_InstancedFoliageActor_0,-139.9636688232422,48.13120651245117,4.5789875984191895,1.0,-0.0,0.0,0.0
SM_Scatter_01_C_15_InstancedFoliageActor_0,-139.9636688232422,48.13120651245117,4.5789875984191895,1.0,-0.0,0.0,0.0
SM_Scatter_01_A_16_InstancedFoliageActor_0,-139.9636688232422,48.13120651245117,4.5789875984191895,1.0,-0.0,0.0,0.0
SM_Scatter_01_K_17_InstancedFoliageActor_0,-139.9636688232422,48.13120651245117,4.5789875984191895,1.0,-0.0,0.0,0.0
SM_Scatter_01_O_18_InstancedFoliageActor_0,-139.9636688232422,48.13120651245117,4.5789875984191895,1.0,-0.0,0.0,0.0
SM_Scatter_01_J_19_InstancedFoliageActor_0,-139.9636688232422,48.13120651245117,4.5789875984191895,1.0,-0.0,0.0,0.0
SM_Scatter_01_L_20_InstancedFoliageActor_0,-139.9636688232422,48.13120651245117,4.5789875984191895,1.0,-0.0,0.0,0.0
SM_Scatter_01_N_21_InstancedFoliageActor_0,-139.9636688232422,48.13120651245117,4.5789875984191895,1.0,-0.0,0.0,0.0
SM_Scatter_01_P_22_InstancedFoliageActor_0,-139.9636688232422,48.13120651245117,4.5789875984191895,1.0,-0.0,0.0,0.0
SM_Tree_L_01_0_SM_Tree_L_01_357,-17.158557891845703,4.74718713760376,4.513965606689453,1.0,-0.0,0.0,0.0
SM_Tree_M_01_0_SM_Tree_M_01_363,-32.048675537109375,-4.937656402587891,4.438804626464844,0.9931954145431519,-0.0,0.0,0.11645961552858353
SM_Tree_M_02_0_SM_Tree_M_02_366,-10.11656665802002,-6.502373218536377,4.5313944816589355,0.9496358036994934,-0.0,0.0,0.3133557140827179
SM_Tree_M_04_0_SM_Tree_M_04_372,-8.288393020629883,7.340976238250732,4.463018894195557,0.5420376062393188,-0.0,0.0,0.8403542041778564
SM_Tree_S_01_0_SM_Tree_S_01_375,-21.034690856933594,7.07729959487915,4.600320816040039,0.21827173233032227,0.0,-0.0,-0.9758880138397217
SM_Tree_M_02_0_SM_Tree_M_378,-81.0961685180664,7.236091136932373,4.424133777618408,1.0,-0.0,0.0,0.0
SM_Tree_M_03_0_SM_Tree_M_381,-84.41693878173828,-15.552006721496582,4.579070568084717,1.0,-0.0,0.0,0.0
SM_Tree_M_04_0_SM_Tree_M_384,-45.98773956298828,-7.640112400054932,4.314080715179443,0.9705014824867249,-0.0,0.0,0.241095170378685
SM_Tree_S_01_0_SM_Tree_S_387,-61.52639389038086,28.030624389648438,4.56595516204834,1.0,-0.0,0.0,0.0
SM_Tree_M_04_0_SM_Tree_M_405,-161.73997497558594,-5.915092945098877,4.378964424133301,1.0,-0.0,0.0,0.0
SM_Tree_M_02_0_SM_Tree_M_418,-227.85009765625,6.016449928283691,4.533133029937744,1.0,-0.0,0.0,0.0
SM_Tree_S_01_0_SM_Tree_S_424,-171.80938720703125,-16.282718658447266,4.579075336456299,0.14012007415294647,0.0,-0.0,-0.9901345372200012
SM_Tree_M_02_0_SM_Tree_M_427,-164.74607849121094,20.26891326904297,4.5790557861328125,0.13020722568035126,-0.0,0.0,0.9914867877960205
SM_Tree_L_01_0_SM_Tree_L_430,-138.94757080078125,22.345327377319336,4.5790510177612305,0.5165347456932068,-0.0,0.0,0.8562662601470947
SM_Tree_L_01_0_SM_Tree_L_433,-189.5142822265625,5.529516220092773,4.593386173248291,0.9905150532722473,0.0,-0.0,-0.13740433752536774
SM_Tree_L_01_0_SM_Tree_L_436,-103.24250030517578,-4.666499137878418,4.554421901702881,1.0,-0.0,0.0,0.0
SM_Tree_M_01_0_SM_Tree_M_439,-54.4643669128418,19.780452728271484,4.579075813293457,1.0,-0.0,0.0,0.0
SM_Tree_L_01_0_SM_Tree_L_442,-75.44159698486328,-49.59568786621094,4.15192174911499,1.0,-0.0,0.0,0.0
SM_Tree_M_01_0_SM_Tree_M_6,-39.16438674926758,5.264042854309082,4.5783185958862305,0.4478510916233063,-0.0,0.0,0.8941081762313843
SM_Tree_L_01_0_SM_Tree_L_447,-26.30831527709961,38.61391067504883,4.579078197479248,1.0,-0.0,0.0,0.0
SM_Tree_L_01_0_SM_Tree_L_450,-131.3267059326172,85.2070083618164,3.4784796237945557,1.0,-0.0,0.0,0.0
SM_Tree_L_01_0_SM_Tree_L_455,-223.5950927734375,-35.81002426147461,4.338851451873779,0.1485152542591095,0.0,-0.0,-0.9889101386070251
SM_Tree_M_01_0_SM_Tree_M_458,-150.0263671875,74.6329116821289,4.579085350036621,0.46330758929252625,-0.0,0.0,0.886197566986084
SM_Tree_M_01_0_SM_Tree_M_461,-43.712825775146484,-59.60210418701172,4.579065799713135,1.0,-0.0,0.0,0.0
SM_Tree_M_01_0_SM_Tree_M_464,-46.87698745727539,101.2332763671875,4.579065799713135,1.0,-0.0,0.0,0.0
SM_Tree_M_02_0_SM_Tree_M_467,-64.05138397216797,-79.17318725585938,4.579065799713135,1.0,-0.0,0.0,0.0
SM_Tree_M_02_0_SM_Tree_M_470,-222.10684204101562,62.88728332519531,4.579065799713135,0.8939388990402222,0.0,-0.0,-0.44818881154060364
SM_Tree_M_02_0_SM_Tree_M_476,-8.720844268798828,71.5459976196289,4.579085350036621,1.0,-0.0,0.0,0.0
SM_Tree_M_03_0_SM_Tree_M_479,-106.06797790527344,94.57463836669922,4.579075336456299,1.0,-0.0,0.0,0.0
SM_Tree_M_03_0_SM_Tree_M_482,-171.86471557617188,-64.10986328125,4.579085350036621,0.9922666549682617,0.0,-0.0,-0.12412440031766891
SM_Tree_M_04_0_SM_Tree_M_487,-11.322220802307129,-48.69306182861328,4.579085350036621,1.0,-0.0,0.0,0.0
SM_Tree_M_04_0_SM_Tree_M_490,-67.10098266601562,42.36619186401367,4.579094886779785,0.7157647609710693,0.0,-0.0,-0.6983414888381958
SM_Tree_S_01_0_SM_Tree_S_493,-163.9936981201172,-63.18793487548828,4.579075336456299,0.6730050444602966,-0.0,0.0,0.7396379113197327
SM_Tree_S_01_0_SM_Tree_S_496,-70.34788513183594,104.2835693359375,4.579094886779785,1.0,-0.0,0.0,0.0
SM_Tree_S_01_0_SM_Tree_S_499,-16.07962417602539,-90.22935485839844,4.579094886779785,1.0,-0.0,0.0,0.0
SM_Tree_L_01_0_SM_Tree_L_505,-169.78514099121094,-91.7326431274414,4.579075813293457,0.01097413431853056,-0.0,0.0,0.9999397993087769
SM_Horizon_01_0_SM_Horizon_01_10,-127.1956558227539,0.36932116746902466,4.5789875984191895,1.0,-0.0,0.0,0.0
SM_Ridge_Dirt_01_B_0_SM_Ridge_Dirt_01_B_2,-22.40093231201172,7.159428596496582,4.601231098175049,0.9354603290557861,0.0,-0.0,-0.353431761264801
SM_Ridge_Dirt_01_A_0_SM_Ridge_Dirt_01_A_5,-29.37288475036621,5.67874002456665,4.697920799255371,0.7061228156089783,0.03731803596019745,0.037318047136068344,-0.7061198949813843
SM_Ridge_Dirt_01_A_0_SM_Ridge_Dirt_01_A2,-37.66067886352539,5.9214253425598145,4.697920799255371,0.7061228156089783,0.03731803596019745,0.037318043410778046,-0.7061198949813843
SM_Ridge_Dirt_01_B_0_SM_Ridge_Dirt_01_B2,-45.724544525146484,5.460702896118164,4.5998148918151855,0.6017737984657288,0.0,-0.0,-0.7986665368080139
SM_Ridge_Dirt_01_B_0_SM_Ridge_Dirt_01_B3,-33.118343353271484,5.291059494018555,4.612112045288086,0.7454248666763306,0.0,-0.0,-0.666589617729187
SM_Ridge_Dirt_01_B_0_SM_Ridge_Dirt_01_B4,-51.2618408203125,7.683468818664551,4.725011348724365,0.6019624471664429,0.004811783321201801,0.056899454444646835,-0.7964800596237183
SM_Ridge_Dirt_01_B_0_SM_Ridge_Dirt_01_B5,-20.88306999206543,11.251374244689941,4.706109523773193,0.9901463985443115,0.04258111119270325,0.06016772240400314,-0.1190665066242218
SM_Ridge_Dirt_01_B_0_SM_Ridge_Dirt_01_B6,-125.74475860595703,-6.442143440246582,4.648932933807373,0.3534323275089264,-0.0,0.0,0.935460090637207
SM_Ridge_Dirt_01_A_0_SM_Ridge_Dirt_01_A3,-118.77281188964844,-4.96212911605835,4.690931797027588,0.7061200141906738,-0.03731803223490715,0.037318043410778046,0.706122636795044
SM_Ridge_Dirt_01_A_0_SM_Ridge_Dirt_01_A4,-110.48502349853516,-5.204096794128418,4.697920799255371,0.7061200141906738,-0.03731803223490715,0.037318043410778046,0.706122636795044
SM_Ridge_Dirt_01_B_0_SM_Ridge_Dirt_01_B7,-102.42115783691406,-4.743373870849609,4.627483367919922,0.7986668944358826,-0.0,0.0,0.6017733216285706
SM_Ridge_Dirt_01_B_0_SM_Ridge_Dirt_01_B8,-115.02735900878906,-4.573735237121582,4.641313552856445,0.6665896773338318,-0.0,0.0,0.7454248666763306
SM_Ridge_Dirt_01_B_0_SM_Ridge_Dirt_01_B9,-96.90017700195312,-6.940205097198486,4.991751670837402,0.796480655670166,-0.056899454444646835,0.0048118396662175655,0.6019617319107056
SM_Ridge_Dirt_01_B_0_SM_Ridge_Dirt_01_B10,-128.1168670654297,-9.850288391113281,4.853496074676514,0.4530739486217499,-0.041802678257226944,0.060710690915584564,0.8884203433990479
SM_Tree_M_02_0_SM_Tree_M_23,-22.475852966308594,17.088581085205078,4.467167854309082,0.2020757794380188,-0.0,0.0,0.9793698787689209
SM_Tree_S_01_0_SM_Tree_S_27,-110.11315155029297,-4.072241306304932,4.600275993347168,1.0,-0.0,0.0,0.0
SM_Tree_S_01_0_SM_Tree_S_30,-39.883235931396484,-4.587885856628418,4.45113468170166,0.06869977712631226,-0.002693318296223879,0.03909130021929741,0.9968675971031189
SM_Tree_M_04_0_SM_Tree_M_33,-23.778324127197266,-17.766557693481445,4.579018592834473,1.0,-0.0,0.0,0.0
SM_Tree_M_04_0_SM_Tree_M_39,-103.3736343383789,-20.80740737915039,4.52114725112915,0.10587741434574127,0.0,-0.0,-0.9943791627883911
SM_Tree_M_01_0_SM_Tree_M_43,-246.4474334716797,45.386375427246094,4.579046249389648,0.7167391180992126,-0.0,0.0,0.6973413825035095
SM_Tree_L_01_0_SM_Tree_L_46,-267.0534973144531,41.333740234375,4.579029083251953,0.3747286796569824,-0.0,0.0,0.9271345138549805
SM_Tree_S_01_0_SM_Tree_S_49,-251.1660919189453,33.087032318115234,4.579024791717529,1.0,-0.0,0.0,0.0
SM_Tree_M_01_0_SM_Tree_M_52,-171.38978576660156,8.681049346923828,4.483443737030029,0.9186370968818665,-0.0,0.0,0.3951024115085602
SM_Tree_S_01_0_SM_Tree_S_56,-177.20729064941406,-5.154013633728027,4.583317756652832,0.9372085332870483,-0.0,0.0,0.34876948595046997
SM_Tree_S_01_0_SM_Tree_S_59,-43.04783630371094,105.09056091308594,4.5789947509765625,0.33496329188346863,-0.0,0.0,0.9422311782836914
SM_Tree_S_01_0_SM_Tree_S_62,-69.42829132080078,-50.61961364746094,4.157142162322998,0.9477185010910034,0.0,-0.0,-0.3191075623035431
SM_Tree_L_01_0_SM_Tree_L_65,-92.62383270263672,12.271122932434082,4.5972580909729,0.4328271150588989,-0.0,0.0,0.9014769792556763
SM_Tree_M_04_0_SM_Tree_M_68,-80.8900375366211,17.85753059387207,4.579024314880371,0.7703929543495178,0.0,-0.0,-0.6375693678855896
SM_GrassTree_01_0_SM_GrassTree_01_2,-12.527630805969238,-5.010707855224609,4.562405586242676,1.0,-0.0,0.0,0.0
SM_GrassTree_02_0_SM_GrassTree_02_5,-15.104203224182129,-5.949360370635986,4.549995422363281,0.3862400949001312,-0.0,0.0,0.9223982691764832
SM_GrassTree_03_0_SM_GrassTree_03_8,-12.825677871704102,-7.116894245147705,4.555644512176514,1.0,-0.0,0.0,0.0
SM_GrassTree_04_0_SM_GrassTree_04_11,-11.192748069763184,-4.596186637878418,4.615151405334473,1.0,-0.0,0.0,0.0
SM_GrassTree_02_0_SM_GrassTree_14,-27.51889991760254,-7.458027362823486,4.647226333618164,1.0,-0.0,0.0,0.0
SM_GrassTree_04_0_SM_GrassTree_17,-25.70431137084961,-7.318994045257568,4.683072566986084,0.5910167694091797,0.0,-0.0,-0.8066592812538147
SM_GrassTree_02_0_SM_GrassTree_20,-13.841049194335938,6.010673522949219,4.672325611114502,1.0,-0.0,0.0,0.0
SM_GrassTree_04_0_SM_GrassTree_25,-14.390833854675293,4.104545593261719,4.622313976287842,0.9354315996170044,-0.0,0.0,0.35350772738456726
SM_GrassTree_03_0_SM_GrassTree_28,-5.9378461837768555,5.214369773864746,4.622313022613525,1.0,-0.0,0.0,2.434895395708736e-05
SM_GrassTree_02_0_SM_GrassTree_2,-50.002845764160156,-8.359687805175781,4.622311592102051,1.0,-0.0,0.0,0.0
SM_GrassTree_01_0_SM_GrassTree_6,-51.88606643676758,-7.62158203125,4.622312068939209,1.0,-0.0,0.0,0.0
SM_GrassTree_04_0_SM_GrassTree_10,-50.16085433959961,-4.479745864868164,4.506473064422607,1.0,-0.0,0.0,0.0
SM_GrassTree_03_0_SM_GrassTree_15,-46.86520004272461,-6.171543121337891,4.549955368041992,1.0,-0.0,0.0,0.0
SM_GrassTree_03_0_SM_GrassTree_18,-77.87809753417969,6.8812642097473145,4.722586154937744,1.0,-0.0,0.0,0.0
SM_GrassTree_04_0_SM_GrassTree_23,-71.72832489013672,4.08373498916626,4.614874362945557,1.0,-0.0,0.0,0.0
SM_GrassTree_02_0_SM_GrassTree_26,-74.55512237548828,7.861937999725342,4.457550525665283,1.0,-0.0,0.0,0.0
SM_GrassTree_03_0_SM_GrassTree_37,-61.31478500366211,-7.647011756896973,4.603166580200195,1.0,-0.0,0.0,0.0
SM_GrassTree_04_0_SM_GrassTree_41,-61.96278762817383,-6.504834175109863,4.622307777404785,1.0,-0.0,0.0,0.0
SM_GrassTree_01_0_SM_GrassTree_44,-92.86560821533203,9.179471969604492,4.622313022613525,1.0,-0.0,0.0,0.0
SM_GrassTree_03_0_SM_GrassTree_52,-91.33798217773438,6.454599380493164,4.622314929962158,1.0,-0.0,0.0,0.0
SM_GrassTree_02_0_SM_GrassTree_55,-92.93153381347656,5.420097351074219,4.622312545776367,1.0,-0.0,0.0,0.0
SM_GrassTree_01_0_SM_GrassTree_59,-96.10474395751953,-6.357978343963623,4.494087219238281,1.0,-0.0,0.0,0.0
SM_GrassTree_03_0_SM_GrassTree_62,-93.2923812866211,-4.688154220581055,4.615908622741699,1.0,-0.0,0.0,0.0
SM_GrassTree_02_0_SM_GrassTree_65,-92.24726104736328,-6.246167182922363,4.556698799133301,1.0,-0.0,0.0,0.0
SM_GrassTree_04_0_SM_GrassTree_69,-88.3314208984375,4.416317939758301,4.622313022613525,1.0,-0.0,0.0,0.0
SM_GrassTree_04_0_SM_GrassTree_72,-82.49283599853516,-3.694643497467041,4.622310161590576,1.0,-0.0,0.0,0.0
SM_GrassTree_02_0_SM_GrassTree_76,-84.44357299804688,7.555063247680664,4.622309684753418,1.0,-0.0,0.0,0.0
SM_GrassTree_01_0_SM_GrassTree_80,-73.59288024902344,-4.047368049621582,4.622307300567627,1.0,-0.0,0.0,0.0
SM_GrassTree_04_0_SM_GrassTree_85,-36.97686004638672,-3.7625439167022705,4.573543071746826,1.0,-0.0,0.0,0.0
SM_GrassTree_01_0_SM_GrassTree_93,-100.95921325683594,-5.300468921661377,4.38886833190918,1.0,-0.0,0.0,0.0
SM_GrassTree_02_0_SM_GrassTree_96,-102.777099609375,-6.199574947357178,4.083596229553223,1.0,-0.0,0.0,0.0
SM_GrassTree_03_0_SM_GrassTree_99,-99.76258850097656,-8.102924346923828,3.8296079635620117,1.0,-0.0,0.0,0.0
SM_GrassTree_01_0_SM_GrassTree_103,-102.03926849365234,-8.203364372253418,3.8961966037750244,1.0,-0.0,0.0,0.0
SM_GrassTree_04_0_SM_GrassTree_106,-95.20709228515625,-5.180766582489014,4.594465732574463,1.0,-0.0,0.0,0.0
SM_GrassTree_02_0_SM_GrassTree_109,-98.79769897460938,-5.844516754150391,4.433513164520264,1.0,-0.0,0.0,0.0
SM_GrassTree_02_0_SM_GrassTree_113,-121.35179901123047,-4.155332088470459,4.582137584686279,1.0,-0.0,0.0,0.0
SM_GrassTree_04_0_SM_GrassTree_116,-119.36820983886719,-4.518056869506836,4.514060974121094,1.0,-0.0,0.0,0.0
SM_GrassTree_03_0_SM_GrassTree_119,-121.13343048095703,-6.131528377532959,4.187269687652588,1.0,-0.0,0.0,0.0
SM_GrassTree_04_0_SM_GrassTree_122,-135.53067016601562,4.898788928985596,4.622312545776367,1.0,-0.0,0.0,0.0
SM_GrassTree_03_0_SM_GrassTree_126,-145.61575317382812,7.3768086433410645,4.622313022613525,0.6814439296722412,-0.0,0.0,0.7318702936172485
SM_GrassTree_01_0_SM_GrassTree_129,-182.5303497314453,6.210116863250732,4.669310092926025,1.0,-0.0,0.0,0.0
SM_GrassTree_02_0_SM_GrassTree_132,-182.92005920410156,4.869511604309082,4.6335062980651855,1.0,-0.0,0.0,0.0
SM_GrassTree_03_0_SM_GrassTree_135,-176.49542236328125,4.248598575592041,4.604925155639648,1.0,-0.0,0.0,0.0
SM_GrassTree_04_0_SM_GrassTree_139,-183.26614379882812,8.920475959777832,4.750896453857422,1.0,-0.0,0.0,0.0
SM_GrassTree_02_0_SM_GrassTree_142,-195.11505126953125,-6.400844573974609,4.622308254241943,1.0,-0.0,0.0,0.0
SM_GrassTree_03_0_SM_GrassTree_145,-193.44866943359375,-7.242143630981445,4.622309684753418,1.0,-0.0,0.0,0.0
SM_GrassTree_04_0_SM_GrassTree_149,-173.9041290283203,-4.154526233673096,4.622307300567627,1.0,-0.0,0.0,0.0
SM_GrassTree_03_0_SM_GrassTree_154,-176.57525634765625,-7.654433727264404,4.622310161590576,1.0,-0.0,0.0,0.0
SM_GrassTree_04_0_SM_GrassTree_157,-195.13418579101562,-5.493940353393555,4.622308731079102,1.0,-0.0,0.0,0.0
SM_GrassTree_04_0_SM_GrassTree_160,-31.96339225769043,6.203734874725342,4.025940895080566,1.0,-0.0,0.0,0.0
SM_GrassTree_03_0_SM_GrassTree_163,-40.75843048095703,4.302734375,4.619629383087158,1.0,-0.0,0.0,0.0
SM_GrassTree_04_0_SM_GrassTree_166,-39.02549362182617,3.878857135772705,4.610622882843018,1.0,-0.0,0.0,0.0
SM_GrassTree_03_0_SM_GrassTree_171,-72.34918212890625,-4.572289943695068,4.603865623474121,1.0,-0.0,0.0,0.0
SM_GrassTree_04_0_SM_GrassTree_174,-100.46025848388672,4.650570869445801,4.622311115264893,1.0,-0.0,0.0,0.0
SM_GrassTree_01_0_SM_GrassTree_178,-151.19927978515625,-7.397680759429932,4.622310161590576,1.0,-0.0,0.0,0.0
SM_GrassTree_02_0_SM_GrassTree_181,-153.4473419189453,-7.436172008514404,4.614752292633057,1.0,-0.0,0.0,0.0
SM_GrassTree_03_0_SM_GrassTree_184,-150.9368133544922,-8.251381874084473,4.622310638427734,1.0,-0.0,0.0,0.0
SM_GrassTree_04_0_SM_GrassTree_188,-149.7911834716797,-3.5639452934265137,4.622310161590576,1.0,-0.0,0.0,0.0
SM_GrassTree_02_0_SM_GrassTree_191,-234.51470947265625,-6.851191520690918,4.622308731079102,1.0,-0.0,0.0,0.0
SM_GrassTree_03_0_SM_GrassTree_194,-237.92861938476562,-4.186855316162109,4.622310161590576,1.0,-0.0,0.0,0.0
SM_GrassTree_04_0_SM_GrassTree_197,-231.91770935058594,-6.798227310180664,4.622311115264893,1.0,-0.0,0.0,0.0
SM_Log_L_01_0_SM_Log_L_01_200,-32.3441047668457,-14.3236083984375,4.596101760864258,0.8841985464096069,-0.0,0.0,0.4671112596988678
SM_Log_L_01_0_SM_Log_L_203,-155.21217346191406,18.279462814331055,4.585012912750244,0.1644095629453659,-0.0,0.0,0.9863921403884888
SM_Log_L_01_0_SM_Log_L_206,-103.84629821777344,57.226219177246094,4.578988075256348,0.5329914093017578,0.0,-0.0,-0.8461206555366516
SM_Log_L_01_0_SM_Log_L_209,-95.7217788696289,-94.98234558105469,4.579004287719727,0.2118644416332245,-0.0,0.0,0.9772990345954895
SM_Log_M_01_0_SM_Log_M_01_212,-78.7820816040039,-11.010971069335938,4.536506175994873,0.6938136219978333,-0.0,0.0,0.7201545834541321
SM_Log_M_01_0_SM_Log_M_215,-172.94659423828125,36.78696060180664,4.5790252685546875,0.926258385181427,0.0,-0.0,-0.37688907980918884
SM_Log_M_01_0_SM_Log_M_218,-17.437904357910156,27.635107040405273,4.579022407531738,0.9995427131652832,-0.0,0.0,0.03023931197822094
SM_Log_S_01_0_SM_Log_S_01_221,-17.341136932373047,-4.823159217834473,4.612381935119629,0.7255391478538513,-0.001702066045254469,-0.0017925089923664927,0.6881764531135559
SM_Log_S_01_0_SM_Log_S_224,-55.05563735961914,6.834203720092773,4.5445075035095215,0.8252960443496704,-0.023326968774199486,-0.03417094796895981,0.5631825923919678
SM_Log_S_01_0_SM_Log_S_227,-140.33575439453125,6.933437347412109,4.587445259094238,0.9009110331535339,0.0021699320059269667,-0.004490855149924755,-0.43397510051727295
SM_Log_S_01_0_SM_Log_S_230,-215.76211547851562,-8.851357460021973,4.266681671142578,0.7564415335655212,-0.015986569225788116,-0.018499301746487617,0.6536041498184204
SM_Log_S_02_0_SM_Log_S_02_233,-18.863920211791992,8.993474006652832,4.600112438201904,0.7768036127090454,-0.0,0.0,0.6297429203987122
SM_Log_S_02_0_SM_Log_S_236,-24.153831481933594,-11.659355163574219,4.583601474761963,0.7087217569351196,0.0,-0.0,-0.7054881453514099
SM_Log_S_02_0_SM_Log_S_239,-55.61913299560547,9.173441886901855,4.565255165100098,0.9906612038612366,-0.007021716330200434,0.000965392217040062,0.13616232573986053
SM_Log_S_02_0_SM_Log_S_242,-81.13682556152344,-7.499658107757568,4.449860095977783,0.6771120429039001,0.02459787391126156,0.02669791877269745,-0.7349839806556702
SM_Log_S_02_0_SM_Log_S_245,-134.65748596191406,8.274298667907715,4.57901668548584,0.8234928846359253,0.0,-0.0,-0.5673266053199768
SM_Log_S_02_0_SM_Log_S_248,-206.029541015625,-7.053994178771973,4.564792156219482,0.6100142002105713,-0.019641434773802757,-0.01931779459118843,0.7919114232063293
SM_Log_S_02_0_SM_Log_S_251,-12.332279205322266,-8.349662780761719,4.610955715179443,0.9012048244476318,0.0,-0.0,-0.4333933889865875
SM_Log_S_02_0_SM_Log_S_254,-92.27011108398438,15.069965362548828,4.610715389251709,0.9100741147994995,0.0,-0.0,-0.41444554924964905
SM_Log_S_02_0_SM_Log_S_257,-101.86196899414062,-4.478979587554932,4.5121235847473145,0.9946370124816895,0.09953328967094421,-0.02797321230173111,0.0027992785908281803
SM_Log_S_02_0_SM_Log_S_260,-191.39244079589844,7.525827407836914,4.705984592437744,0.9175480008125305,-0.0,0.0,0.39762505888938904
SM_Log_S_02_0_SM_Log_S_263,-23.657493591308594,5.47119140625,4.56661319732666,0.9970377683639526,-0.06162441521883011,-0.04593481868505478,-0.0028391117230057716
SM_Log_S_02_0_SM_Log_S_266,-14.045726776123047,26.850046157836914,4.579024314880371,0.37487536668777466,-0.0,0.0,0.927075207233429
SM_Log_S_02_0_SM_Log_S_269,-91.32808685302734,55.358280181884766,4.578990459442139,0.8904021382331848,0.0,-0.0,-0.4551747739315033
SM_Log_S_02_0_SM_Log_S_272,-69.63883972167969,-29.898359298706055,4.579017639160156,0.8437025547027588,0.0,-0.0,-0.5368109345436096
SM_Log_S_02_0_SM_Log_S_275,-190.6671905517578,-33.65995407104492,4.5790181159973145,0.37197187542915344,-0.0,0.0,0.9282439947128296
SM_Log_S_02_0_SM_Log_S_278,-178.52711486816406,36.55127716064453,4.5790252685546875,1.0,-0.0,0.0,0.0
SM_Tree_L_01_0_SM_Tree_L_281,11.989106178283691,183.3219451904297,4.578968048095703,1.0,-0.0,0.0,0.0
SM_Tree_L_01_0_SM_Tree_L_284,-131.63136291503906,179.41934204101562,4.579026699066162,1.0,-0.0,0.0,0.0
SM_Tree_L_01_0_SM_Tree_L_287,-219.22569274902344,320.9727478027344,4.5789875984191895,1.0,-0.0,0.0,0.0
SM_Tree_L_01_0_SM_Tree_L_290,-417.79278564453125,94.29166412353516,4.579065799713135,1.0,-0.0,0.0,0.0
SM_Tree_L_01_0_SM_Tree_L_293,85.96367645263672,84.80723571777344,4.579026699066162,1.0,-0.0,0.0,0.0
SM_Tree_L_01_0_SM_Tree_L_296,55.67525863647461,-67.47431945800781,4.579124450683594,1.0,-0.0,0.0,0.0
SM_Tree_L_01_0_SM_Tree_L_299,-41.53534698486328,-270.2779235839844,4.57914400100708,1.0,-0.0,0.0,0.0
SM_Tree_L_01_0_SM_Tree_L_302,-292.60174560546875,-184.86383056640625,4.579085350036621,1.0,-0.0,0.0,0.0
SM_Tree_M_01_0_SM_Tree_M_305,-172.66787719726562,326.7997131347656,4.579026699066162,1.0,-0.0,0.0,0.0
SM_Tree_M_01_0_SM_Tree_M_308,64.96746826171875,187.33372497558594,4.579104900360107,0.9213653206825256,0.0,-0.0,-0.38869771361351013
SM_Tree_M_01_0_SM_Tree_M_311,-336.2076110839844,112.25827026367188,4.579026699066162,1.0,-0.0,0.0,0.0
SM_Tree_M_01_0_SM_Tree_M_314,-438.14093017578125,-200.7396697998047,4.579065799713135,1.0,-0.0,0.0,0.0
SM_Tree_M_01_0_SM_Tree_M_317,-262.2992858886719,-237.49050903320312,4.579104900360107,1.0,-0.0,0.0,0.0
SM_Tree_M_01_0_SM_Tree_M_320,47.57936096191406,-318.0653381347656,4.579261302947998,1.0,-0.0,0.0,0.0
SM_Tree_M_01_0_SM_Tree_M_323,126.82550811767578,-109.710693359375,4.579222202301025,1.0,-0.0,0.0,0.0
SM_Tree_M_01_0_SM_Tree_M_327,203.95074462890625,154.03155517578125,4.579183101654053,1.0,-0.0,0.0,0.0
SM_Tree_M_02_0_SM_Tree_M_330,197.6973876953125,180.09133911132812,4.579222202301025,1.0,-0.0,0.0,0.0
SM_Tree_M_02_0_SM_Tree_M_333,-5.748685836791992,348.41607666015625,4.579065799713135,1.0,-0.0,0.0,0.0
SM_Tree_M_02_0_SM_Tree_M_336,-469.01104736328125,-183.6016082763672,4.57914400100708,1.0,-0.0,0.0,0.0
SM_Tree_M_02_0_SM_Tree_M_339,-173.39834594726562,-360.9052429199219,4.579222202301025,1.0,-0.0,0.0,0.0
SM_Tree_M_02_0_SM_Tree_M_342,84.72197723388672,-301.215576171875,4.5792999267578125,1.0,-0.0,0.0,0.0
SM_Tree_M_02_0_SM_Tree_M_348,244.6874237060547,-115.9565658569336,4.579261302947998,1.0,-0.0,0.0,0.0
SM_Tree_M_03_0_SM_Tree_M_03_351,21.8588924407959,343.01788330078125,4.5789875984191895,1.0,-0.0,0.0,0.0
SM_Tree_M_03_0_SM_Tree_M_354,-160.53408813476562,244.0039520263672,4.578948497772217,1.0,-0.0,0.0,0.0
SM_Tree_M_03_0_SM_Tree_M_357,-386.49267578125,298.50439453125,4.5789875984191895,1.0,-0.0,0.0,0.0
SM_Tree_M_03_0_SM_Tree_M_360,-381.4112854003906,-148.1884002685547,4.579026699066162,1.0,-0.0,0.0,0.0
SM_Tree_M_03_0_SM_Tree_M_364,-200.06686401367188,-366.4992980957031,4.579183101654053,1.0,-0.0,0.0,0.0
SM_Tree_M_03_0_SM_Tree_M_367,20.516098022460938,-388.8925476074219,4.579339027404785,1.0,-0.0,0.0,0.0
SM_Tree_M_03_0_SM_Tree_M_370,209.5703125,239.45126342773438,4.5789875984191895,1.0,-0.0,0.0,0.0
SM_Tree_M_04_0_SM_Tree_M_373,234.94546508789062,-198.86375427246094,4.5792999267578125,1.0,-0.0,0.0,0.0
SM_Tree_M_04_0_SM_Tree_M_376,63.73558807373047,223.83309936523438,4.579183101654053,1.0,-0.0,0.0,0.0
SM_Tree_M_04_0_SM_Tree_M_379,-184.30990600585938,259.177734375,4.579104900360107,1.0,-0.0,0.0,0.0
SM_Tree_M_04_0_SM_Tree_M_382,-458.720947265625,-233.8740234375,4.579183101654053,1.0,-0.0,0.0,0.0
SM_Tree_M_04_0_SM_Tree_M_385,-25.060190200805664,-401.2862854003906,4.579339027404785,1.0,-0.0,0.0,0.0
SM_Tree_M_04_0_SM_Tree_M_388,-14.782729148864746,376.53118896484375,4.579026699066162,1.0,-0.0,0.0,0.0
SM_Tree_S_01_0_SM_Tree_S_391,-25.889915466308594,330.4543762207031,4.579065799713135,1.0,-0.0,0.0,0.0
SM_Tree_S_01_0_SM_Tree_S_394,-111.1653823852539,280.0836486816406,4.579104900360107,1.0,-0.0,0.0,0.0
SM_Tree_S_01_0_SM_Tree_S_397,-255.96034240722656,341.9424133300781,4.5789875984191895,1.0,-0.0,0.0,0.0
SM_Tree_S_01_0_SM_Tree_S_400,-419.32354736328125,60.415306091308594,4.579104900360107,1.0,-0.0,0.0,0.0
SM_Tree_S_01_0_SM_Tree_S_403,-496.37127685546875,-164.39356994628906,4.579104900360107,1.0,-0.0,0.0,0.0
SM_Tree_S_01_0_SM_Tree_S_406,-214.9554901123047,-396.4220275878906,4.579183101654053,1.0,-0.0,0.0,0.0
SM_Tree_S_01_0_SM_Tree_S_409,-4.367729187011719,-382.12542724609375,4.579339027404785,1.0,-0.0,0.0,0.0
SM_Tree_S_01_0_SM_Tree_S_412,248.0692596435547,64.70404052734375,4.579183101654053,1.0,-0.0,0.0,0.0
SM_Tree_S_01_0_SM_Tree_S_415,235.60035705566406,-99.27481079101562,4.579222202301025,1.0,-0.0,0.0,0.0
SM_Tree_S_01_0_SM_Tree_S_418,209.62742614746094,-220.44607543945312,4.579339027404785,1.0,-0.0,0.0,0.0
SM_Tree_S_01_0_SM_Tree_S_421,-77.66971588134766,-260.656494140625,4.5792999267578125,1.0,-0.0,0.0,0.0
SM_Tree_S_01_0_SM_Tree_S_425,-163.41424560546875,-228.75167846679688,4.57914400100708,1.0,-0.0,0.0,0.0
SM_Tree_S_01_0_SM_Tree_S_428,108.05066680908203,-227.41729736328125,4.579378128051758,1.0,-0.0,0.0,0.0
SM_Tree_S_01_0_SM_Tree_S_431,-494.9804992675781,-36.7840576171875,4.579104900360107,1.0,-0.0,0.0,0.0
SM_Tree_S_01_0_SM_Tree_S_435,181.7959442138672,-34.549320220947266,4.579261302947998,1.0,-0.0,0.0,0.0
SM_GrassTree_01_0_SM_GrassTree_439,-28.169095993041992,38.507301330566406,4.5790252685546875,1.0,-0.0,0.0,0.0
SM_GrassTree_02_0_SM_GrassTree_442,-29.870540618896484,42.29022979736328,4.579026222229004,1.0,-0.0,0.0,0.0
SM_GrassTree_03_0_SM_GrassTree_445,-25.000267028808594,36.70728302001953,4.579023838043213,1.0,-0.0,0.0,0.0
SM_GrassTree_04_0_SM_GrassTree_449,-30.387435913085938,32.46896743774414,4.560865879058838,1.0,-0.0,0.0,0.0
SM_GrassTree_02_0_SM_GrassTree_452,-14.906957626342773,35.7410888671875,4.57902193069458,1.0,-0.0,0.0,0.0
SM_GrassTree_01_0_SM_GrassTree_455,-47.641624450683594,16.58268928527832,4.552148818969727,1.0,-0.0,0.0,0.0
SM_GrassTree_02_0_SM_GrassTree_459,-45.59971237182617,17.295751571655273,4.537015914916992,1.0,-0.0,0.0,0.0
SM_GrassTree_04_0_SM_GrassTree_462,-46.75170135498047,14.428478240966797,4.291513919830322,1.0,-0.0,0.0,0.0
SM_GrassTree_03_0_SM_GrassTree_465,-50.76511001586914,23.277006149291992,4.579017162322998,1.0,-0.0,0.0,0.0
SM_GrassTree_03_0_SM_GrassTree_468,-37.68747329711914,14.628349304199219,4.186354637145996,1.0,-0.0,0.0,0.0
SM_GrassTree_03_0_SM_GrassTree_475,-80.16606140136719,21.14747428894043,4.5790205001831055,1.0,-0.0,0.0,0.0
SM_GrassTree_04_0_SM_GrassTree_478,-74.1932144165039,16.354028701782227,4.579023361206055,1.0,-0.0,0.0,0.0
SM_GrassTree_01_0_SM_GrassTree_486,-131.61485290527344,30.07901382446289,4.579026222229004,1.0,-0.0,0.0,0.0
SM_GrassTree_03_0_SM_GrassTree_490,-130.12530517578125,34.146568298339844,4.579021453857422,1.0,-0.0,0.0,0.0
SM_GrassTree_02_0_SM_GrassTree_493,-132.66859436035156,13.616891860961914,4.574409484863281,1.0,-0.0,0.0,0.0
SM_GrassTree_02_0_SM_GrassTree_496,-159.14126586914062,15.116342544555664,4.579017639160156,1.0,-0.0,0.0,0.0
SM_GrassTree_03_0_SM_GrassTree_499,-160.19361877441406,19.53341293334961,4.579020977020264,1.0,-0.0,0.0,0.0
SM_GrassTree_04_0_SM_GrassTree_503,-161.25674438476562,13.599506378173828,4.579017162322998,1.0,-0.0,0.0,0.0
SM_GrassTree_01_0_SM_GrassTree_506,-166.95501708984375,14.358420372009277,4.592803955078125,1.0,-0.0,0.0,0.0
SM_GrassTree_01_0_SM_GrassTree_509,-127.65125274658203,78.25749206542969,4.118521213531494,1.0,-0.0,0.0,0.0
SM_GrassTree_02_0_SM_GrassTree_512,-128.46554565429688,80.5155029296875,3.9668383598327637,1.0,-0.0,0.0,0.0
SM_GrassTree_03_0_SM_GrassTree_516,-121.2606430053711,80.75175476074219,4.361513614654541,1.0,-0.0,0.0,0.0
SM_GrassTree_02_0_SM_GrassTree_519,-143.0330047607422,69.29736328125,4.450210094451904,1.0,-0.0,0.0,0.0
SM_GrassTree_02_0_SM_GrassTree_522,-41.41450500488281,93.54529571533203,4.578991413116455,1.0,-0.0,0.0,0.0
SM_GrassTree_03_0_SM_GrassTree_525,-4.078451633453369,63.94232940673828,4.578995704650879,1.0,-0.0,0.0,0.0
SM_GrassTree_03_0_SM_GrassTree_531,-104.17964935302734,15.469941139221191,4.542835712432861,1.0,-0.0,0.0,0.0
SM_GrassTree_01_0_SM_GrassTree_535,-25.72542381286621,-15.465781211853027,4.5790228843688965,1.0,-0.0,0.0,0.0
SM_GrassTree_03_0_SM_GrassTree_538,-28.31535530090332,-12.395092964172363,4.579019546508789,1.0,-0.0,0.0,0.0
SM_GrassTree_02_0_SM_GrassTree_541,-17.41851043701172,-22.028305053710938,4.579020023345947,1.0,-0.0,0.0,0.0
SM_GrassTree_01_0_SM_GrassTree_544,-48.15418243408203,-56.27460479736328,4.57900857925415,1.0,-0.0,0.0,0.0
SM_GrassTree_02_0_SM_GrassTree_547,-46.6727180480957,-59.43016815185547,4.579009532928467,1.0,-0.0,0.0,0.0
SM_GrassTree_02_0_SM_GrassTree_550,-34.7029914855957,-54.41321563720703,4.579007148742676,0.3362194001674652,0.0,-0.0,-0.9417836666107178
SM_GrassTree_03_0_SM_GrassTree_553,-49.4937744140625,-57.55734634399414,4.579007625579834,1.0,-0.0,0.0,0.0
SM_GrassTree_04_0_SM_GrassTree_556,-44.69692611694336,-49.76821517944336,4.579009532928467,1.0,-0.0,0.0,0.0
SM_GrassTree_02_0_SM_GrassTree_560,-85.94721221923828,-14.434130668640137,4.579019546508789,1.0,-0.0,0.0,0.0
SM_GrassTree_03_0_SM_GrassTree_563,-87.36094665527344,-13.671586990356445,4.575920104980469,1.0,-0.0,0.0,0.0
SM_GrassTree_04_0_SM_GrassTree_566,-83.53582763671875,-13.423134803771973,4.557698726654053,1.0,-0.0,0.0,0.0
SM_GrassTree_01_0_SM_GrassTree_570,-88.95780944824219,-20.44416046142578,4.56343936920166,0.4670306444168091,0.0,-0.0,-0.8842411637306213
SM_GrassTree_02_0_SM_GrassTree_573,-106.13865661621094,-14.58597183227539,4.0658440589904785,0.3803619146347046,-0.0,0.0,0.9248377084732056
SM_GrassTree_03_0_SM_GrassTree_576,-102.24221801757812,-16.93184471130371,4.399022579193115,1.0,-0.0,0.0,0.0
SM_GrassTree_01_0_SM_GrassTree_580,-96.89334106445312,-11.046499252319336,4.252765655517578,0.37867093086242676,0.0,-0.0,-0.9255313873291016
SM_GrassTree_04_0_SM_GrassTree_583,-94.32917022705078,-11.882558822631836,4.369323253631592,0.5156376361846924,0.0,-0.0,-0.856806755065918
SM_GrassTree_03_0_SM_GrassTree_586,-99.00922393798828,-29.075252532958984,4.579015254974365,1.0,-0.0,0.0,0.0
SM_GrassTree_03_0_SM_GrassTree_589,-115.07157135009766,-11.48073673248291,3.560896873474121,0.8115624189376831,-0.0,0.0,0.5842657685279846
SM_GrassTree_04_0_SM_GrassTree_593,-118.34698486328125,-14.190448760986328,3.9143130779266357,1.0,-0.0,0.0,0.0
SM_GrassTree_01_0_SM_GrassTree_596,-169.0926971435547,-28.80086326599121,4.579015254974365,0.3414895534515381,-0.0,0.0,0.9398855566978455
SM_GrassTree_02_0_SM_GrassTree_599,-166.14454650878906,-28.375883102416992,4.57901668548584,0.5921653509140015,0.0,-0.0,-0.8058164715766907
SM_GrassTree_03_0_SM_GrassTree_603,-168.83184814453125,-24.491893768310547,4.579016208648682,1.0,-0.0,0.0,0.0
SM_GrassTree_04_0_SM_GrassTree_606,-167.15257263183594,-22.730531692504883,4.579015254974365,1.0,-0.0,0.0,0.0
SM_GrassTree_02_0_SM_GrassTree_609,-157.08729553222656,-87.37435150146484,4.579017162322998,0.4989738464355469,0.0,-0.0,-0.8666170239448547
SM_GrassTree_03_0_SM_GrassTree_613,-158.3160400390625,-66.4522476196289,4.579016208648682,1.0,-0.0,0.0,0.0
SM_GrassTree_01_0_SM_GrassTree_616,-229.7817840576172,-26.04073715209961,4.283160209655762,0.05940702185034752,0.0,-0.0,-0.9982338547706604
SM_GrassTree_02_0_SM_GrassTree_619,-232.48391723632812,-40.57924270629883,4.243078708648682,1.0,-0.0,0.0,0.0
SM_GrassTree_03_0_SM_GrassTree_622,-228.1636505126953,-23.86526870727539,4.385492324829102,1.0,-0.0,0.0,0.0
SM_Roots_01_0_SM_Roots_01_5,-17.111751556396484,4.422558307647705,4.506750583648682,0.968289852142334,0.0,-0.0,-0.2498294860124588
SM_Roots_01_0_SM_Roots_2,-10.024184226989746,-6.473486423492432,4.607145309448242,0.8434787392616272,-0.0,0.0,0.5371626019477844
SM_Roots_01_0_SM_Roots_9,-31.921859741210938,-4.661889553070068,4.334781169891357,0.8138595223426819,-0.0,0.0,0.5810617208480835
SM_Roots_01_0_SM_Roots_12,-39.5406494140625,5.303329944610596,4.529741287231445,1.0,-0.0,0.0,0.0
SM_Roots_01_0_SM_Roots_15,-81.0743637084961,7.1692914962768555,4.453401565551758,1.0,-0.0,0.0,0.0
SM_Roots_01_0_SM_Roots_19,-45.98663330078125,-7.662539005279541,4.2958269119262695,1.0,-0.0,0.0,0.0
SM_Roots_01_0_SM_Roots_22,-103.18297576904297,-4.492851734161377,4.610280990600586,0.47792038321495056,-0.0,0.0,0.8784031271934509
SM_Roots_01_0_SM_Roots_25,-171.2806396484375,8.510722160339355,4.47520112991333,0.7024829387664795,0.0,-0.0,-0.7117005586624146
SM_Roots_01_0_SM_Roots_29,-189.4058837890625,5.574115753173828,4.63063907623291,0.6824581623077393,0.0,-0.0,-0.730924665927887
SM_Tree_M_01_0_SM_Tree_M_1,-133.9617919921875,-22.7913818359375,4.593635559082031,0.5782334208488464,-0.0,0.0,0.8158714175224304
SM_Tree_M_04_0_SM_Tree_M_53,-138.1409912109375,-13.259072303771973,4.4838666915893555,0.04642351344227791,-0.0,0.0,0.9989218711853027
SM_Tree_M_01_0_SM_Tree_M_54,-218.16275024414062,15.858339309692383,4.580517768859863,0.8691532015800476,0.0,-0.0,-0.4945429861545563
SM_Tree_M_04_0_SM_Tree_M_8,-213.45785522460938,-14.861074447631836,4.589699745178223,0.16298481822013855,-0.0,0.0,0.9866285920143127
SM_Tree_L_01_0_SM_Tree_L_20,-170.2229766845703,-39.10268020629883,4.593386173248291,0.12485863268375397,-0.0,0.0,0.9921745657920837
SM_Tree_M_04_0_SM_Tree_M_56,-182.5291290283203,33.07037353515625,4.5906081199646,0.9995211362838745,-0.0,0.0,0.030943121761083603
SM_CineCam_0_Camera1,-1.8793814182281494,3.48687744140625,3.8973934650421143,0.785627543926239,0.0411594919860363,-0.032298408448696136,-0.6164836287498474
SM_CineCam_1_Camera1,-1.8793814182281494,3.48687744140625,3.8973934650421143,0.785627543926239,0.0411594919860363,-0.032298408448696136,-0.6164836287498474
SM_CineCam_0_Camera2,-130.3043670654297,11.907424926757812,3.271439790725708,0.8538490533828735,-0.07321546226739883,0.044025614857673645,-0.5134618282318115
SM_CineCam_1_Camera2,-130.3043670654297,11.907424926757812,3.271439790725708,0.8538490533828735,-0.07321546226739883,0.044025614857673645,-0.5134618282318115
SM_CineCam_0_Camera3,-25.75320053100586,0.16207697987556458,3.8743975162506104,0.8740907311439514,0.028948916122317314,-0.016056571155786514,-0.4846334457397461
SM_CineCam_1_Camera3,-25.75320053100586,0.16207697987556458,3.8743975162506104,0.8740907311439514,0.028948916122317314,-0.016056571155786514,-0.4846334457397461
SM_CineCam_0_Camera5,-146.35305786132812,20.861595153808594,2.341397762298584,0.9019775390625,-0.04889801889657974,0.02321675978600979,-0.42837652564048767
SM_CineCam_1_Camera5,-146.35305786132812,20.861595153808594,2.341397762298584,0.9019775390625,-0.04889801889657974,0.02321675978600979,-0.42837652564048767
SM_CineCam_0_Camera6,-144.94393920898438,6.799762725830078,3.0479390621185303,0.7067071795463562,-0.12083156406879425,-0.11749382317066193,0.6871389150619507
SM_CineCam_1_Camera6,-144.94393920898438,6.799762725830078,3.0479390621185303,0.7067071795463562,-0.12083156406879425,-0.11749382317066193,0.6871389150619507
SM_CineCam_0_Camera4,-68.78253173828125,7.570935249328613,3.7608063220977783,0.7313455939292908,0.01142812054604292,-0.010665571317076683,-0.6818278431892395
SM_CineCam_1_Camera4,-68.78253173828125,7.570935249328613,3.7608063220977783,0.7313455939292908,0.01142812054604292,-0.010665571317076683,-0.6818278431892395
SM_CineCam_0_Camera7,1.5656360387802124,7.118402481079102,3.3634238243103027,0.8110758662223816,0.014059950597584248,-0.010146684013307095,-0.5846839547157288
SM_CineCam_1_Camera7,1.5656360387802124,7.118402481079102,3.3634238243103027,0.8110758662223816,0.014059950597584248,-0.010146684013307095,-0.5846839547157288
SM_GrassTree_01_0_SM_GrassTree_3,-305.3473815917969,-200.48834228515625,4.579012870788574,1.0,-0.0,0.0,0.0
SM_GrassTree_03_0_SM_GrassTree_11,-152.77662658691406,11.432866096496582,4.57902193069458,1.0,-0.0,0.0,0.0
SM_SkySphere_0_BP_Sky_01_2,-139.9636688232422,48.13120651245117,4.5789875984191895,1.0,-0.0,0.0,0.0
SM_Fence_02_0_Spline_Fence_2,-4.325756549835205,10.831205368041992,4.5789875984191895,0.8867624402046204,-0.003376005683094263,0.03335978090763092,0.4610077142715454
SM_Fence_Wires_01_1_Spline_Fence_2,-4.325756549835205,10.831205368041992,4.5789875984191895,1.7310546809312655e-06,0.0,-0.0,-1.0
SM_Fence_02_2_Spline_Fence_2,-8.325422286987305,10.831204414367676,4.608191013336182,0.8346769213676453,0.01628142036497593,0.03220227360725403,0.5495565533638
SM_Fence_Wires_01_3_Spline_Fence_2,-4.325756549835205,10.831205368041992,4.5789875984191895,1.7310546809312655e-06,0.0,-0.0,-1.0
SM_Fence_02_4_Spline_Fence_2,-12.323090553283691,10.831204414367676,4.6347784996032715,0.9934398531913757,0.007348658517003059,0.006725731771439314,-0.11392109841108322
SM_Fence_Wires_01_5_Spline_Fence_2,-4.325756549835205,10.831205368041992,4.5789875984191895,1.7310546809312655e-06,0.0,-0.0,-1.0
SM_Fence_02_6_Spline_Fence_2,-16.322723388671875,10.83120346069336,4.581503868103027,0.6069762110710144,0.040716707706451416,-0.006611809134483337,-0.7936487197875977
SM_Fence_Wires_01_7_Spline_Fence_2,-4.325756549835205,10.831205368041992,4.5789875984191895,1.7310546809312655e-06,0.0,-0.0,-1.0
SM_Fence_02_8_Spline_Fence_2,-20.31507682800293,10.831202507019043,4.4192681312561035,0.90470951795578,0.02530461922287941,0.01745898462831974,-0.42491835355758667
SM_Fence_Wires_01_9_Spline_Fence_2,-4.325756549835205,10.831205368041992,4.5789875984191895,1.7310546809312655e-06,0.0,-0.0,-1.0
SM_Fence_02_10_Spline_Fence_2,-24.31566047668457,10.831201553344727,4.200503826141357,0.3610462248325348,-0.001568636391311884,0.002554892562329769,0.9325430989265442
SM_Fence_Wires_01_11_Spline_Fence_2,-4.325756549835205,10.831205368041992,4.5789875984191895,1.7310546809312655e-06,0.0,-0.0,-1.0
SM_Fence_02_12_Spline_Fence_2,-28.31428337097168,10.831201553344727,3.9845855236053467,0.2389223426580429,0.014224245212972164,-0.003298951545730233,-0.9709289073944092
SM_Fence_Wires_01_13_Spline_Fence_2,-4.325756549835205,10.831205368041992,4.5789875984191895,1.7310546809312655e-06,0.0,-0.0,-1.0
SM_Fence_02_14_Spline_Fence_2,-32.30867385864258,10.83120059967041,3.8262362480163574,0.9890895485877991,0.026242975145578384,0.011029456742107868,0.14453908801078796
SM_Fence_Wires_01_15_Spline_Fence_2,-4.325756549835205,10.831205368041992,4.5789875984191895,1.7310546809312655e-06,0.0,-0.0,-1.0
SM_Fence_02_16_Spline_Fence_2,-36.30791091918945,10.83120059967041,3.749525785446167,0.9806492924690247,-0.004954064730554819,0.030323805287480354,0.19334658980369568
SM_Fence_Wires_01_17_Spline_Fence_2,-4.325756549835205,10.831205368041992,4.5789875984191895,1.7310546809312655e-06,0.0,-0.0,-1.0
SM_Fence_02_18_Spline_Fence_2,-40.30963897705078,10.83120059967041,3.7280008792877197,0.18808478116989136,-0.017490508034825325,0.01562560722231865,0.9818727374076843
SM_Fence_Wires_01_19_Spline_Fence_2,-4.325756549835205,10.831205368041992,4.5789875984191895,1.7310546809312655e-06,0.0,-0.0,-1.0
SM_Fence_02_20_Spline_Fence_2,-44.31098175048828,10.83120059967041,3.773085832595825,0.7918365001678467,0.009510118514299393,0.01938367821276188,0.6103513836860657
SM_Fence_Wires_01_21_Spline_Fence_2,-4.325756549835205,10.831205368041992,4.5789875984191895,1.7310546809312655e-06,0.0,-0.0,-1.0
SM_Fence_02_22_Spline_Fence_2,-48.301692962646484,10.83120059967041,3.9451141357421875,0.8962898850440979,-0.008132657036185265,0.03251044079661369,0.44220057129859924
SM_Fence_Wires_01_23_Spline_Fence_2,-4.325756549835205,10.831205368041992,4.5789875984191895,1.7310546809312655e-06,0.0,-0.0,-1.0
SM_Fence_02_24_Spline_Fence_2,-52.265777587890625,10.83120059967041,4.377923965454102,0.7554712295532227,-0.005291275680065155,0.012078126892447472,0.6550491452217102
SM_Fence_Wires_01_25_Spline_Fence_2,-4.325756549835205,10.831205368041992,4.5789875984191895,1.7310546809312655e-06,0.0,-0.0,-1.0
SM_Fence_02_26_Spline_Fence_2,-56.26206970214844,10.83120059967041,4.615273952484131,0.7665383219718933,-0.004734779242426157,0.019999876618385315,0.6418696045875549
SM_Fence_Wires_01_27_Spline_Fence_2,-4.325756549835205,10.831205368041992,4.5789875984191895,1.7310546809312655e-06,0.0,-0.0,-1.0
SM_Fence_02_28_Spline_Fence_2,-60.25661087036133,10.83120059967041,4.658105373382568,0.7023444771766663,-0.0007528596324846148,0.0114979837089777,0.7117440104484558
SM_Fence_Wires_01_29_Spline_Fence_2,-4.325756549835205,10.831205368041992,4.5789875984191895,1.7310546809312655e-06,0.0,-0.0,-1.0
SM_Fence_02_30_Spline_Fence_2,-64.2599105834961,10.83120059967041,4.641104221343994,0.899855375289917,0.02700754627585411,0.01656399480998516,-0.43503621220588684
SM_Fence_Wires_01_31_Spline_Fence_2,-4.325756549835205,10.831205368041992,4.5789875984191895,1.7310546809312655e-06,0.0,-0.0,-1.0
SM_Fence_02_32_Spline_Fence_2,-68.26488494873047,10.83120059967041,4.603175163269043,0.9903626441955566,0.019815795123577118,0.03252001479268074,0.1331603229045868
SM_Fence_Wires_01_33_Spline_Fence_2,-4.325756549835205,10.831205368041992,4.5789875984191895,1.7310546809312655e-06,0.0,-0.0,-1.0
SM_Fence_02_34_Spline_Fence_2,-72.26842498779297,10.83120059967041,4.564981460571289,0.8084133863449097,0.03637753427028656,-0.0030294086318463087,-0.5874821543693542
SM_Fence_Wires_01_35_Spline_Fence_2,-4.325756549835205,10.831205368041992,4.5789875984191895,1.7310546809312655e-06,0.0,-0.0,-1.0
SM_Fence_02_36_Spline_Fence_2,-76.26961517333984,10.83120059967041,4.542447566986084,0.34916675090789795,0.03695787116885185,-0.00017677911091595888,-0.9363315105438232
SM_Fence_Wires_01_37_Spline_Fence_2,-4.325756549835205,10.831205368041992,4.5789875984191895,1.7310546809312655e-06,0.0,-0.0,-1.0
SM_Fence_02_38_Spline_Fence_2,-80.25057220458984,10.83120059967041,4.539928913116455,0.39474818110466003,-0.003314989386126399,0.02037026733160019,0.9185575246810913
SM_Fence_Wires_01_39_Spline_Fence_2,-4.325756549835205,10.831205368041992,4.5789875984191895,1.7310546809312655e-06,0.0,-0.0,-1.0
SM_Fence_02_40_Spline_Fence_2,-84.26687622070312,10.83120059967041,4.543794631958008,0.9772023558616638,0.02292679250240326,0.02187211997807026,0.2099320888519287
SM_Fence_Wires_01_41_Spline_Fence_2,-4.325756549835205,10.831205368041992,4.5789875984191895,1.7310546809312655e-06,0.0,-0.0,-1.0
SM_Fence_02_42_Spline_Fence_2,-88.27251434326172,10.83120059967041,4.5497965812683105,0.0021789385937154293,0.01923026703298092,-0.015002097003161907,-0.999700129032135
SM_Fence_Wires_01_43_Spline_Fence_2,-4.325756549835205,10.831205368041992,4.5789875984191895,1.7310546809312655e-06,0.0,-0.0,-1.0
SM_Fence_02_44_Spline_Fence_2,-92.27703857421875,10.83120059967041,4.554972171783447,0.9820891618728638,0.033592309802770615,0.00032597401877865195,-0.1853976845741272
SM_Fence_Wires_01_45_Spline_Fence_2,-4.325756549835205,10.831205368041992,4.5789875984191895,1.7310546809312655e-06,0.0,-0.0,-1.0
SM_Fence_02_46_Spline_Fence_2,-96.2850570678711,10.83120059967041,4.555663585662842,0.9814490079879761,0.024485809728503227,0.02928132936358452,-0.18788528442382812
SM_Fence_Wires_01_47_Spline_Fence_2,-4.325756549835205,10.831205368041992,4.5789875984191895,1.7310546809312655e-06,0.0,-0.0,-1.0
SM_Fence_02_48_Spline_Fence_2,-100.28981018066406,10.83120059967041,4.5434722900390625,0.6413548588752747,0.044080253690481186,-0.002426531631499529,-0.7659732103347778
SM_Fence_Wires_01_49_Spline_Fence_2,-4.325756549835205,10.831205368041992,4.5789875984191895,1.7310546809312655e-06,0.0,-0.0,-1.0
SM_Fence_02_50_Spline_Fence_2,-104.28575897216797,10.83120059967041,4.461928367614746,0.3632884621620178,-0.025711974129080772,0.018389711156487465,0.9311403036117554
SM_Fence_Wires_01_51_Spline_Fence_2,-4.325756549835205,10.831205368041992,4.5789875984191895,1.7310546809312655e-06,0.0,-0.0,-1.0
SM_Fence_02_52_Spline_Fence_2,-108.24284362792969,10.83120059967041,4.313143730163574,0.991866409778595,0.024943331256508827,0.016302626579999924,0.12374595552682877
SM_Fence_Wires_01_53_Spline_Fence_2,-4.325756549835205,10.831205368041992,4.5789875984191895,1.7310546809312655e-06,0.0,-0.0,-1.0
SM_Fence_02_54_Spline_Fence_2,-112.26062774658203,10.83120059967041,4.377021312713623,0.6000837087631226,0.005453201476484537,0.03325619176030159,0.7992269992828369
SM_Fence_Wires_01_55_Spline_Fence_2,-4.325756549835205,10.831205368041992,4.5789875984191895,1.7310546809312655e-06,0.0,-0.0,-1.0
SM_Fence_02_56_Spline_Fence_2,-116.26683044433594,10.83120059967041,4.489217281341553,0.9951180815696716,0.01803371123969555,0.030273260548710823,0.0921865701675415
SM_Fence_Wires_01_57_Spline_Fence_2,-4.325756549835205,10.831205368041992,4.5789875984191895,1.7310546809312655e-06,0.0,-0.0,-1.0
SM_Fence_02_58_Spline_Fence_2,-120.27410888671875,10.83120059967041,4.5735039710998535,0.3725956082344055,0.0203999076038599,-0.01935727894306183,-0.9275676012039185
SM_Fence_Wires_01_59_Spline_Fence_2,-4.325756549835205,10.831205368041992,4.5789875984191895,1.7310546809312655e-06,0.0,-0.0,-1.0
SM_Fence_02_60_Spline_Fence_2,-124.23403930664062,10.83120059967041,4.327617168426514,0.7965838313102722,0.01942342147231102,0.014532286673784256,-0.6040412187576294
SM_Fence_Wires_01_61_Spline_Fence_2,-4.325756549835205,10.831205368041992,4.5789875984191895,1.7310546809312655e-06,0.0,-0.0,-1.0
SM_Fence_02_62_Spline_Fence_2,-128.2410888671875,10.83120059967041,4.445067882537842,0.3890881836414337,0.02045372687280178,-0.008151636458933353,-0.9209373593330383
SM_Fence_Wires_01_63_Spline_Fence_2,-4.325756549835205,10.831205368041992,4.5789875984191895,1.7310546809312655e-06,0.0,-0.0,-1.0
SM_Fence_02_64_Spline_Fence_2,-132.2433319091797,10.83120059967041,4.563565731048584,0.636791467666626,-0.007871866226196289,0.013808956369757652,0.7708722352981567
SM_Fence_Wires_01_65_Spline_Fence_2,-4.325756549835205,10.831205368041992,4.5789875984191895,1.7310546809312655e-06,0.0,-0.0,-1.0
SM_Fence_02_66_Spline_Fence_2,-136.03575134277344,10.83120059967041,4.591517925262451,0.9834108948707581,0.016810113564133644,0.005561079364269972,0.18052561581134796
SM_Fence_Wires_01_67_Spline_Fence_2,-4.325756549835205,10.831205368041992,4.5789875984191895,1.7310546809312655e-06,0.0,-0.0,-1.0
SM_Fence_02_68_Spline_Fence_2,-140.22731018066406,10.83120059967041,4.592616558074951,0.3669240176677704,0.028979623690247536,-0.006301364861428738,-0.9297780394554138
SM_Fence_Wires_01_69_Spline_Fence_2,-4.325756549835205,10.831205368041992,4.5789875984191895,1.7310546809312655e-06,0.0,-0.0,-1.0
SM_Fence_02_70_Spline_Fence_2,-144.20387268066406,10.831199645996094,4.594979286193848,0.6826163530349731,0.021885590627789497,-0.0008211283129639924,-0.7304486632347107
SM_Fence_Wires_01_71_Spline_Fence_2,-4.325756549835205,10.831205368041992,4.5789875984191895,1.7310546809312655e-06,0.0,-0.0,-1.0
SM_Fence_02_72_Spline_Fence_2,-148.00001525878906,10.831199645996094,4.5975236892700195,0.14031928777694702,0.019333219155669212,-0.025782059878110886,-0.9895817041397095
SM_Fence_Wires_01_73_Spline_Fence_2,-4.325756549835205,10.831205368041992,4.5789875984191895,1.7310546809312655e-06,0.0,-0.0,-1.0
SM_Fence_02_74_Spline_Fence_2,-152.1067657470703,10.831199645996094,4.599977493286133,0.8963661193847656,0.0115564139559865,0.023225413635373116,-0.44255492091178894
SM_Fence_Wires_01_75_Spline_Fence_2,-4.325756549835205,10.831205368041992,4.5789875984191895,1.7310546809312655e-06,0.0,-0.0,-1.0
SM_Fence_02_76_Spline_Fence_2,-156.07957458496094,10.831199645996094,4.6021881103515625,0.6677762269973755,-0.020197538658976555,0.025658447295427322,0.7436454892158508
SM_Fence_Wires_01_77_Spline_Fence_2,-4.325756549835205,10.831205368041992,4.5789875984191895,1.7310546809312655e-06,0.0,-0.0,-1.0
SM_Fence_02_78_Spline_Fence_2,-160.1524200439453,10.831199645996094,4.604344844818115,0.6554863452911377,0.028538856655359268,-0.004070382099598646,-0.7546566128730774
SM_Fence_Wires_01_79_Spline_Fence_2,-4.325756549835205,10.831205368041992,4.5789875984191895,1.7310546809312655e-06,0.0,-0.0,-1.0
SM_Fence_02_80_Spline_Fence_2,-164.10694885253906,10.831199645996094,4.606363296508789,0.6020106077194214,0.016726143658161163,-0.005691643338650465,-0.7982925772666931
SM_Fence_Wires_01_81_Spline_Fence_2,-4.325756549835205,10.831205368041992,4.5789875984191895,1.7310546809312655e-06,0.0,-0.0,-1.0
SM_Fence_02_82_Spline_Fence_2,-168.2276611328125,10.831199645996094,4.608404636383057,0.9928948879241943,0.031793560832738876,0.015371307730674744,0.11363384127616882
SM_Fence_Wires_01_83_Spline_Fence_2,-4.325756549835205,10.831205368041992,4.5789875984191895,1.7310546809312655e-06,0.0,-0.0,-1.0
SM_Fence_02_84_Spline_Fence_2,-172.15501403808594,10.831199645996094,4.61030387878418,0.0039444188587367535,5.463302295538597e-05,0.013867209665477276,0.9998960494995117
SM_Fence_Wires_01_85_Spline_Fence_2,-4.325756549835205,10.831205368041992,4.5789875984191895,1.7310546809312655e-06,0.0,-0.0,-1.0
SM_Fence_02_86_Spline_Fence_2,-176.19308471679688,10.831199645996094,4.612217426300049,0.5749714970588684,0.004520657937973738,0.027926389127969742,0.8176842331886292
SM_Fence_Wires_01_87_Spline_Fence_2,-4.325756549835205,10.831205368041992,4.5789875984191895,1.7310546809312655e-06,0.0,-0.0,-1.0
SM_Fence_02_88_Spline_Fence_2,-180.21824645996094,10.831199645996094,4.614090919494629,0.22743000090122223,0.0026007245760411024,0.034931592643260956,0.9731642007827759
SM_Fence_Wires_01_89_Spline_Fence_2,-4.325756549835205,10.831205368041992,4.5789875984191895,1.7310546809312655e-06,0.0,-0.0,-1.0
SM_Fence_02_90_Spline_Fence_2,-184.21319580078125,10.831199645996094,4.615921974182129,0.371938556432724,-0.012836399488151073,0.024265432730317116,0.9278513789176941
SM_Fence_Wires_01_91_Spline_Fence_2,-4.325756549835205,10.831205368041992,4.5789875984191895,1.7310546809312655e-06,0.0,-0.0,-1.0
SM_Fence_02_92_Spline_Fence_2,-188.23678588867188,10.831199645996094,4.617740631103516,0.990609347820282,0.02820037677884102,0.0007742174784652889,-0.1337808072566986
SM_Fence_Wires_01_93_Spline_Fence_2,-4.325756549835205,10.831205368041992,4.5789875984191895,1.7310546809312655e-06,0.0,-0.0,-1.0
SM_Fence_02_94_Spline_Fence_2,-192.26138305664062,10.831199645996094,4.619536876678467,0.366348534822464,0.03361821547150612,-0.007321373093873262,-0.9298413991928101
SM_Fence_Wires_01_95_Spline_Fence_2,-4.325756549835205,10.831205368041992,4.5789875984191895,1.7310546809312655e-06,0.0,-0.0,-1.0
SM_Fence_02_96_Spline_Fence_2,-196.26686096191406,10.831199645996094,4.621304512023926,0.729979395866394,-0.006358460057526827,0.03690046817064285,0.6824427247047424
SM_Fence_Wires_01_97_Spline_Fence_2,-4.325756549835205,10.831205368041992,4.5789875984191895,1.7310546809312655e-06,0.0,-0.0,-1.0
SM_Fence_02_98_Spline_Fence_2,-200.2607421875,10.831199645996094,4.623048305511475,0.9218323230743408,0.011617164127528667,-0.004452866967767477,-0.3873891532421112
SM_Fence_Wires_01_99_Spline_Fence_2,-4.325756549835205,10.831205368041992,4.5789875984191895,1.7310546809312655e-06,0.0,-0.0,-1.0
SM_Fence_02_100_Spline_Fence_2,-204.32305908203125,10.831199645996094,4.624804496765137,0.6840916275978088,-0.0026905573904514313,0.018298035487532616,0.7291615605354309
SM_Fence_Wires_01_101_Spline_Fence_2,-4.325756549835205,10.831205368041992,4.5789875984191895,1.7310546809312655e-06,0.0,-0.0,-1.0
SM_Fence_02_102_Spline_Fence_2,-208.2870635986328,10.831199645996094,4.626502513885498,0.8343830108642578,-0.009159591048955917,0.02223767340183258,0.5506601333618164
SM_Fence_Wires_01_103_Spline_Fence_2,-4.325756549835205,10.831205368041992,4.5789875984191895,1.7310546809312655e-06,0.0,-0.0,-1.0
SM_Fence_02_104_Spline_Fence_2,-212.34559631347656,10.831199645996094,4.628225326538086,0.476393461227417,0.009569360874593258,0.004547937773168087,-0.8791683316230774
SM_Fence_Wires_01_105_Spline_Fence_2,-4.325756549835205,10.831205368041992,4.5789875984191895,1.7310546809312655e-06,0.0,-0.0,-1.0
SM_Fence_02_106_Spline_Fence_2,-216.36436462402344,10.831199645996094,4.629916667938232,0.7510635256767273,0.03347940742969513,0.002616066951304674,-0.6593753695487976
SM_Fence_Wires_01_107_Spline_Fence_2,-4.325756549835205,10.831205368041992,4.5789875984191895,1.7310546809312655e-06,0.0,-0.0,-1.0
SM_Fence_02_108_Spline_Fence_2,-220.3286895751953,10.831199645996094,4.6315717697143555,0.9288939833641052,0.004970843438059092,0.022421637549996376,0.36963289976119995
SM_Fence_Wires_01_109_Spline_Fence_2,-4.325756549835205,10.831205368041992,4.5789875984191895,1.7310546809312655e-06,0.0,-0.0,-1.0
SM_Fence_02_110_Spline_Fence_2,-224.42640686035156,10.831199645996094,4.633267402648926,0.6380171775817871,0.008609279058873653,0.011035069823265076,0.7698948979377747
SM_Fence_Wires_01_111_Spline_Fence_2,-4.325756549835205,10.831205368041992,4.5789875984191895,1.7310546809312655e-06,0.0,-0.0,-1.0
SM_Fence_02_112_Spline_Fence_2,-228.37786865234375,10.831199645996094,4.634888648986816,0.9996936321258545,0.009812730364501476,0.01493933517485857,0.017123205587267876
SM_Fence_Wires_01_113_Spline_Fence_2,-4.325756549835205,10.831205368041992,4.5789875984191895,1.7310546809312655e-06,0.0,-0.0,-1.0
SM_Fence_02_114_Spline_Fence_2,-232.4019775390625,10.831199645996094,4.636523723602295,0.9710868000984192,0.02118574269115925,0.01831265538930893,-0.23707859218120575
SM_Fence_Wires_01_115_Spline_Fence_2,-4.325756549835205,10.831205368041992,4.5789875984191895,1.7310546809312655e-06,0.0,-0.0,-1.0
SM_Fence_02_116_Spline_Fence_2,-236.40081787109375,10.831199645996094,4.638090133666992,0.990652322769165,0.02695886231958866,0.02442224882543087,0.13147161900997162
SM_Fence_Wires_01_117_Spline_Fence_2,-4.325756549835205,10.831205368041992,4.5789875984191895,1.7310546809312655e-06,0.0,-0.0,-1.0
SM_Fence_02_118_Spline_Fence_2,-240.3550262451172,10.831199645996094,4.639406204223633,0.9642044305801392,0.005332709290087223,-0.0001501052756793797,-0.2651064097881317
SM_Fence_Wires_01_119_Spline_Fence_2,-4.325756549835205,10.831205368041992,4.5789875984191895,1.7310546809312655e-06,0.0,-0.0,-1.0
SM_Fence_02_120_Spline_Fence_2,-244.3165740966797,10.831199645996094,4.640012264251709,0.4130737781524658,0.00795010942965746,0.02333163656294346,0.9103639125823975
SM_Fence_Wires_01_121_Spline_Fence_2,-4.325756549835205,10.831205368041992,4.5789875984191895,1.7310546809312655e-06,0.0,-0.0,-1.0
SM_Fence_02_0_Spline_Fence2_2,-4.37111759185791,-9.448290824890137,4.579020023345947,0.31350141763687134,0.03189438581466675,-0.011780740693211555,-0.948978841304779
SM_Fence_Wires_01_1_Spline_Fence2_2,-4.37111759185791,-9.448290824890137,4.579020023345947,1.7310546809312655e-06,0.0,-0.0,-1.0
SM_Fence_02_2_Spline_Fence2_2,-8.32468318939209,-9.448290824890137,4.579628944396973,0.6411864161491394,0.0012402307474985719,0.02620432712137699,0.7669366598129272
SM_Fence_Wires_01_3_Spline_Fence2_2,-4.37111759185791,-9.448290824890137,4.579020023345947,1.7310546809312655e-06,0.0,-0.0,-1.0
SM_Fence_02_4_Spline_Fence2_2,-12.344037055969238,-9.448291778564453,4.581241607666016,0.9790812730789185,0.005625844933092594,0.001518185599707067,-0.203386127948761
SM_Fence_Wires_01_5_Spline_Fence2_2,-4.37111759185791,-9.448290824890137,4.579020023345947,1.7310546809312655e-06,0.0,-0.0,-1.0
SM_Fence_02_6_Spline_Fence2_2,-16.357582092285156,-9.448291778564453,4.583545684814453,0.7429606318473816,-0.002036352176219225,0.02617296203970909,0.6688200831413269
SM_Fence_Wires_01_7_Spline_Fence2_2,-4.37111759185791,-9.448290824890137,4.579020023345947,1.7310546809312655e-06,0.0,-0.0,-1.0
SM_Fence_02_8_Spline_Fence2_2,-20.35590362548828,-9.44829273223877,4.586294174194336,0.7299809455871582,0.018556488677859306,-0.011546669527888298,-0.6831179261207581
SM_Fence_Wires_01_9_Spline_Fence2_2,-4.37111759185791,-9.448290824890137,4.579020023345947,1.7310546809312655e-06,0.0,-0.0,-1.0
SM_Fence_02_10_Spline_Fence2_2,-24.371192932128906,-9.44829273223877,4.589311599731445,0.8919321298599243,0.0244065523147583,-0.011042081750929356,-0.4513750374317169
SM_Fence_Wires_01_11_Spline_Fence2_2,-4.37111759185791,-9.448290824890137,4.579020023345947,1.7310546809312655e-06,0.0,-0.0,-1.0
SM_Fence_02_12_Spline_Fence2_2,-28.374677658081055,-9.44829273223877,4.592400550842285,0.8091687560081482,0.01892349123954773,0.022866807878017426,-0.5868261456489563
SM_Fence_Wires_01_13_Spline_Fence2_2,-4.37111759185791,-9.448290824890137,4.579020023345947,1.7310546809312655e-06,0.0,-0.0,-1.0
SM_Fence_02_14_Spline_Fence2_2,-32.385154724121094,-9.448293685913086,4.595403671264648,0.7453776597976685,0.022602075710892677,-0.019043391570448875,-0.6659870147705078
SM_Fence_Wires_01_15_Spline_Fence2_2,-4.37111759185791,-9.448290824890137,4.579020023345947,1.7310546809312655e-06,0.0,-0.0,-1.0
SM_Fence_02_16_Spline_Fence2_2,-36.384151458740234,-9.448293685913086,4.598130226135254,0.34973078966140747,0.024511385709047318,0.004967109300196171,-0.9365163445472717
SM_Fence_Wires_01_17_Spline_Fence2_2,-4.37111759185791,-9.448290824890137,4.579020023345947,1.7310546809312655e-06,0.0,-0.0,-1.0
SM_Fence_02_18_Spline_Fence2_2,-40.40941619873047,-9.448293685913086,4.600403308868408,0.6409121155738831,0.03322146460413933,0.013519258238375187,-0.766775906085968
SM_Fence_Wires_01_19_Spline_Fence2_2,-4.37111759185791,-9.448290824890137,4.579020023345947,1.7310546809312655e-06,0.0,-0.0,-1.0
SM_Fence_02_20_Spline_Fence2_2,-44.38365173339844,-9.448294639587402,4.60194730758667,0.4651734232902527,0.023950714617967606,-0.018274441361427307,-0.8847067952156067
SM_Fence_Wires_01_21_Spline_Fence2_2,-4.37111759185791,-9.448290824890137,4.579020023345947,1.7310546809312655e-06,0.0,-0.0,-1.0
SM_Fence_02_22_Spline_Fence2_2,-48.41868209838867,-9.448294639587402,4.602489471435547,0.38333216309547424,0.0007117095519788563,0.03701595962047577,0.9228682518005371
SM_Fence_Wires_01_23_Spline_Fence2_2,-4.37111759185791,-9.448290824890137,4.579020023345947,1.7310546809312655e-06,0.0,-0.0,-1.0
SM_Fence_02_24_Spline_Fence2_2,-52.4434700012207,-9.448295593261719,4.601556301116943,0.16380955278873444,-0.029644576832652092,0.024519743397831917,0.9857415556907654
SM_Fence_Wires_01_25_Spline_Fence2_2,-4.37111759185791,-9.448290824890137,4.579020023345947,1.7310546809312655e-06,0.0,-0.0,-1.0
SM_Fence_02_26_Spline_Fence2_2,-56.41633987426758,-9.448295593261719,4.598520278930664,0.8232165575027466,0.003493483876809478,0.009473859332501888,0.5676376819610596
SM_Fence_Wires_01_27_Spline_Fence2_2,-4.37111759185791,-9.448290824890137,4.579020023345947,1.7310546809312655e-06,0.0,-0.0,-1.0
SM_Fence_02_28_Spline_Fence2_2,-60.385009765625,-9.448295593261719,4.592224597930908,0.6310681104660034,0.020341306924819946,-0.014981928281486034,-0.7753159403800964
SM_Fence_Wires_01_29_Spline_Fence2_2,-4.37111759185791,-9.448290824890137,4.579020023345947,1.7310546809312655e-06,0.0,-0.0,-1.0
SM_Fence_02_30_Spline_Fence2_2,-64.3978500366211,-9.448296546936035,4.579997539520264,0.6164406538009644,0.016057997941970825,0.012392318807542324,-0.7871400713920593
SM_Fence_Wires_01_31_Spline_Fence2_2,-4.37111759185791,-9.448290824890137,4.579020023345947,1.7310546809312655e-06,0.0,-0.0,-1.0
SM_Fence_02_32_Spline_Fence2_2,-68.44721221923828,-9.448296546936035,4.550808906555176,0.9988595247268677,0.0033209382090717554,0.02308455854654312,0.041662298142910004
SM_Fence_Wires_01_33_Spline_Fence2_2,-4.37111759185791,-9.448290824890137,4.579020023345947,1.7310546809312655e-06,0.0,-0.0,-1.0
SM_Fence_02_34_Spline_Fence2_2,-72.41880798339844,-9.448296546936035,4.465074062347412,0.43136101961135864,-0.02696078270673752,0.022434553131461143,0.9014973640441895
SM_Fence_Wires_01_35_Spline_Fence2_2,-4.37111759185791,-9.448290824890137,4.579020023345947,1.7310546809312655e-06,0.0,-0.0,-1.0
SM_Fence_02_36_Spline_Fence2_2,-76.32044982910156,-9.448296546936035,4.264101982116699,0.27110859751701355,0.016221746802330017,-0.0013293203664943576,-0.9624111652374268
SM_Fence_Wires_01_37_Spline_Fence2_2,-4.37111759185791,-9.448290824890137,4.579020023345947,1.7310546809312655e-06,0.0,-0.0,-1.0
SM_Fence_02_38_Spline_Fence2_2,-80.35595703125,-9.448296546936035,4.288047790527344,0.44540342688560486,-0.004511578474193811,0.032620467245578766,0.8947241902351379
SM_Fence_Wires_01_39_Spline_Fence2_2,-4.37111759185791,-9.448290824890137,4.579020023345947,1.7310546809312655e-06,0.0,-0.0,-1.0
SM_Fence_02_40_Spline_Fence2_2,-84.36215209960938,-9.448296546936035,4.3620805740356445,0.9895164370536804,0.029016802087426186,0.011647763662040234,0.1409951001405716
SM_Fence_Wires_01_41_Spline_Fence2_2,-4.37111759185791,-9.448290824890137,4.579020023345947,1.7310546809312655e-06,0.0,-0.0,-1.0
SM_Fence_02_42_Spline_Fence2_2,-88.36824798583984,-9.448296546936035,4.429269790649414,0.5526998043060303,0.01066572219133377,-0.014047290198504925,-0.8331937789916992
SM_Fence_Wires_01_43_Spline_Fence2_2,-4.37111759185791,-9.448290824890137,4.579020023345947,1.7310546809312655e-06,0.0,-0.0,-1.0
SM_Fence_02_44_Spline_Fence2_2,-92.36389923095703,-9.448296546936035,4.431180953979492,0.3178844153881073,-0.023627132177352905,0.026656385511159897,0.9474601149559021
SM_Fence_Wires_01_45_Spline_Fence2_2,-4.37111759185791,-9.448290824890137,4.579020023345947,1.7310546809312655e-06,0.0,-0.0,-1.0
SM_Fence_02_46_Spline_Fence2_2,-96.36125946044922,-9.448296546936035,4.2665114402771,0.012702656909823418,0.0034084483049809933,-0.004073107149451971,-0.9999052286148071
SM_Fence_Wires_01_47_Spline_Fence2_2,-4.37111759185791,-9.448290824890137,4.579020023345947,1.7310546809312655e-06,0.0,-0.0,-1.0
SM_Fence_02_48_Spline_Fence2_2,-100.3456802368164,-9.448296546936035,3.9826555252075195,0.6608650088310242,0.0296524316072464,0.010488349944353104,-0.7498454451560974
SM_Fence_Wires_01_49_Spline_Fence2_2,-4.37111759185791,-9.448290824890137,4.579020023345947,1.7310546809312655e-06,0.0,-0.0,-1.0
SM_Fence_02_50_Spline_Fence2_2,-104.33600616455078,-9.448296546936035,3.804262399673462,0.9898610711097717,0.018050307407975197,0.023294873535633087,0.1389482021331787
SM_Fence_Wires_01_51_Spline_Fence2_2,-4.37111759185791,-9.448290824890137,4.579020023345947,1.7310546809312655e-06,0.0,-0.0,-1.0
SM_Fence_02_52_Spline_Fence2_2,-108.33265686035156,-9.448296546936035,3.74752140045166,0.06708627939224243,-0.0006491623935289681,0.0010595809435471892,0.9977464079856873
SM_Fence_Wires_01_53_Spline_Fence2_2,-4.37111759185791,-9.448290824890137,4.579020023345947,1.7310546809312655e-06,0.0,-0.0,-1.0
SM_Fence_02_54_Spline_Fence2_2,-112.34477233886719,-9.448296546936035,3.7292158603668213,0.39348098635673523,-0.014269435778260231,0.02733783610165119,0.9188153743743896
SM_Fence_Wires_01_55_Spline_Fence2_2,-4.37111759185791,-9.448290824890137,4.579020023345947,1.7310546809312655e-06,0.0,-0.0,-1.0
SM_Fence_02_56_Spline_Fence2_2,-116.34443664550781,-9.448296546936035,3.739699125289917,0.24884766340255737,-0.01077741663902998,0.013752286322414875,0.9683850407600403
SM_Fence_Wires_01_57_Spline_Fence2_2,-4.37111759185791,-9.448290824890137,4.579020023345947,1.7310546809312655e-06,0.0,-0.0,-1.0
SM_Fence_02_58_Spline_Fence2_2,-120.35107421875,-9.448296546936035,3.792938709259033,0.9919637441635132,0.01772891730070114,0.0166584774851799,0.12416162341833115
SM_Fence_Wires_01_59_Spline_Fence2_2,-4.37111759185791,-9.448290824890137,4.579020023345947,1.7310546809312655e-06,0.0,-0.0,-1.0
SM_Fence_02_60_Spline_Fence2_2,-124.28168487548828,-9.448296546936035,4.302860260009766,0.5883421897888184,0.01675317995250225,-0.006307428237050772,-0.8084138631820679
SM_Fence_Wires_01_61_Spline_Fence2_2,-4.37111759185791,-9.448290824890137,4.579020023345947,1.7310546809312655e-06,0.0,-0.0,-1.0
SM_Fence_02_62_Spline_Fence2_2,-128.24180603027344,-9.448296546936035,4.60137414932251,0.19847893714904785,-0.0074951727874577045,0.03568089008331299,0.9794268012046814
SM_Fence_Wires_01_63_Spline_Fence2_2,-4.37111759185791,-9.448290824890137,4.579020023345947,1.7310546809312655e-06,0.0,-0.0,-1.0
SM_Fence_02_64_Spline_Fence2_2,-132.26512145996094,-9.448296546936035,4.628324508666992,0.41696658730506897,0.00899980403482914,-0.0006185545353218913,-0.9088770747184753
SM_Fence_Wires_01_65_Spline_Fence2_2,-4.37111759185791,-9.448290824890137,4.579020023345947,1.7310546809312655e-06,0.0,-0.0,-1.0
SM_Fence_02_66_Spline_Fence2_2,-136.24571228027344,-9.448296546936035,4.641018390655518,0.6350921392440796,-0.017966585233807564,0.02677793614566326,0.771763026714325
SM_Fence_Wires_01_67_Spline_Fence2_2,-4.37111759185791,-9.448290824890137,4.579020023345947,1.7310546809312655e-06,0.0,-0.0,-1.0
SM_Fence_02_68_Spline_Fence2_2,-140.2675018310547,-9.448296546936035,4.646327972412109,0.30544501543045044,-0.0002735483867581934,0.004256179556250572,0.952200174331665
SM_Fence_Wires_01_69_Spline_Fence2_2,-4.37111759185791,-9.448290824890137,4.579020023345947,1.7310546809312655e-06,0.0,-0.0,-1.0
SM_Fence_02_70_Spline_Fence2_2,-144.28453063964844,-9.448296546936035,4.644614219665527,0.33406737446784973,0.019081147387623787,-0.01887562684714794,-0.9421669840812683
SM_Fence_Wires_01_71_Spline_Fence2_2,-4.37111759185791,-9.448290824890137,4.579020023345947,1.7310546809312655e-06,0.0,-0.0,-1.0
SM_Fence_02_72_Spline_Fence2_2,-148.26991271972656,-9.448296546936035,4.633951187133789,0.8651523590087891,0.005791841074824333,0.04351402446627617,0.4995841681957245
SM_Fence_Wires_01_73_Spline_Fence2_2,-4.37111759185791,-9.448290824890137,4.579020023345947,1.7310546809312655e-06,0.0,-0.0,-1.0
SM_Fence_02_74_Spline_Fence2_2,-152.2843017578125,-9.448296546936035,4.605248928070068,0.9677779674530029,0.028136901557445526,0.020025229081511497,-0.24942563474178314
SM_Fence_Wires_01_75_Spline_Fence2_2,-4.37111759185791,-9.448290824890137,4.579020023345947,1.7310546809312655e-06,0.0,-0.0,-1.0
SM_Fence_02_76_Spline_Fence2_2,-156.2762451171875,-9.448296546936035,4.475919723510742,0.28999343514442444,0.03380200266838074,-0.00149617122951895,-0.9564303159713745
SM_Fence_Wires_01_77_Spline_Fence2_2,-4.37111759185791,-9.448290824890137,4.579020023345947,1.7310546809312655e-06,0.0,-0.0,-1.0
SM_Fence_02_78_Spline_Fence2_2,-160.24659729003906,-9.448296546936035,4.205025672912598,0.9997901320457458,0.0030982999596744776,0.0008787118713371456,-0.020232781767845154
SM_Fence_Wires_01_79_Spline_Fence2_2,-4.37111759185791,-9.448290824890137,4.579020023345947,1.7310546809312655e-06,0.0,-0.0,-1.0
SM_Fence_02_80_Spline_Fence2_2,-164.21865844726562,-9.448296546936035,4.657433032989502,0.7897180318832397,0.026867583394050598,0.0027011020574718714,-0.6128754019737244
SM_Fence_Wires_01_81_Spline_Fence2_2,-4.37111759185791,-9.448290824890137,4.579020023345947,1.7310546809312655e-06,0.0,-0.0,-1.0
SM_Fence_02_82_Spline_Fence2_2,-168.2038116455078,-9.448296546936035,4.63734245300293,0.2556430399417877,0.02670719288289547,-0.011201047338545322,-0.9663373827934265
SM_Fence_Wires_01_83_Spline_Fence2_2,-4.37111759185791,-9.448290824890137,4.579020023345947,1.7310546809312655e-06,0.0,-0.0,-1.0
SM_Fence_02_84_Spline_Fence2_2,-172.17739868164062,-9.448296546936035,4.602123737335205,0.9004802107810974,0.03671633452177048,0.003022085642442107,-0.4333338439464569
SM_Fence_Wires_01_85_Spline_Fence2_2,-4.37111759185791,-9.448290824890137,4.579020023345947,1.7310546809312655e-06,0.0,-0.0,-1.0
SM_Fence_02_86_Spline_Fence2_2,-176.15509033203125,-9.448296546936035,4.598985195159912,0.7385475635528564,0.02631291002035141,0.004919734783470631,-0.6736697554588318
SM_Fence_Wires_01_87_Spline_Fence2_2,-4.37111759185791,-9.448290824890137,4.579020023345947,1.7310546809312655e-06,0.0,-0.0,-1.0
SM_Fence_02_88_Spline_Fence2_2,-180.16641235351562,-9.448296546936035,4.602055549621582,0.9833788871765137,0.008665102533996105,0.004924060311168432,-0.18129166960716248
SM_Fence_Wires_01_89_Spline_Fence2_2,-4.37111759185791,-9.448290824890137,4.579020023345947,1.7310546809312655e-06,0.0,-0.0,-1.0
SM_Fence_02_90_Spline_Fence2_2,-184.18728637695312,-9.448296546936035,4.606982707977295,0.15124385058879852,0.01720735803246498,-0.02858601324260235,-0.9879332184791565
SM_Fence_Wires_01_91_Spline_Fence2_2,-4.37111759185791,-9.448290824890137,4.579020023345947,1.7310546809312655e-06,0.0,-0.0,-1.0
SM_Fence_02_92_Spline_Fence2_2,-188.2080841064453,-9.448296546936035,4.612298965454102,0.9567276239395142,0.002111665438860655,0.03353768214583397,0.2890380918979645
SM_Fence_Wires_01_93_Spline_Fence2_2,-4.37111759185791,-9.448290824890137,4.579020023345947,1.7310546809312655e-06,0.0,-0.0,-1.0
SM_Fence_02_94_Spline_Fence2_2,-192.22792053222656,-9.448296546936035,4.617099761962891,0.405291348695755,-0.019275320693850517,0.04086698964238167,0.9130702614784241
SM_Fence_Wires_01_95_Spline_Fence2_2,-4.37111759185791,-9.448290824890137,4.579020023345947,1.7310546809312655e-06,0.0,-0.0,-1.0
SM_Fence_02_96_Spline_Fence2_2,-196.24542236328125,-9.448296546936035,4.6205291748046875,0.4354499280452728,0.007398705463856459,0.021968187764286995,0.8999144434928894
SM_Fence_Wires_01_97_Spline_Fence2_2,-4.37111759185791,-9.448290824890137,4.579020023345947,1.7310546809312655e-06,0.0,-0.0,-1.0
SM_Fence_02_98_Spline_Fence2_2,-200.2638397216797,-9.448296546936035,4.6214399337768555,0.7909525036811829,0.014287286438047886,0.008367435075342655,-0.6116534471511841
SM_Fence_Wires_01_99_Spline_Fence2_2,-4.37111759185791,-9.448290824890137,4.579020023345947,1.7310546809312655e-06,0.0,-0.0,-1.0
SM_Fence_02_100_Spline_Fence2_2,-204.29095458984375,-9.448296546936035,4.617693901062012,0.9783365726470947,-0.002015176462009549,0.03284543380141258,0.20438839495182037
SM_Fence_Wires_01_101_Spline_Fence2_2,-4.37111759185791,-9.448290824890137,4.579020023345947,1.7310546809312655e-06,0.0,-0.0,-1.0
SM_Fence_02_102_Spline_Fence2_2,-208.2716522216797,-9.448296546936035,4.603500843048096,0.9904209971427917,0.006301437504589558,0.028147893026471138,0.13503406941890717
SM_Fence_Wires_01_103_Spline_Fence2_2,-4.37111759185791,-9.448290824890137,4.579020023345947,1.7310546809312655e-06,0.0,-0.0,-1.0
SM_Fence_02_104_Spline_Fence2_2,-212.2294464111328,-9.448296546936035,4.546760559082031,0.05211780592799187,-0.013896536082029343,0.026141144335269928,0.9982020258903503
SM_Fence_Wires_01_105_Spline_Fence2_2,-4.37111759185791,-9.448290824890137,4.579020023345947,1.7310546809312655e-06,0.0,-0.0,-1.0
SM_Fence_02_106_Spline_Fence2_2,-216.1994171142578,-9.448296546936035,4.302916049957275,0.7501662969589233,-0.0025052600540220737,0.030783405527472496,0.6605275273323059
SM_Fence_Wires_01_107_Spline_Fence2_2,-4.37111759185791,-9.448290824890137,4.579020023345947,1.7310546809312655e-06,0.0,-0.0,-1.0
SM_Fence_02_108_Spline_Fence2_2,-220.2001953125,-9.448296546936035,4.480097770690918,0.3243148624897003,-0.013633591122925282,0.039651211351156235,0.9450194835662842
SM_Fence_Wires_01_109_Spline_Fence2_2,-4.37111759185791,-9.448290824890137,4.579020023345947,1.7310546809312655e-06,0.0,-0.0,-1.0
SM_Fence_02_110_Spline_Fence2_2,-224.17123413085938,-9.448296546936035,4.567274570465088,0.2831476926803589,-0.0118872607126832,0.014517710544168949,0.9588927626609802
SM_Fence_Wires_01_111_Spline_Fence2_2,-4.37111759185791,-9.448290824890137,4.579020023345947,1.7310546809312655e-06,0.0,-0.0,-1.0
SM_Fence_02_112_Spline_Fence2_2,-228.18145751953125,-9.448296546936035,4.571006774902344,0.750177800655365,0.004654832649976015,0.03549113869667053,0.660266637802124
SM_Fence_Wires_01_113_Spline_Fence2_2,-4.37111759185791,-9.448290824890137,4.579020023345947,1.7310546809312655e-06,0.0,-0.0,-1.0
SM_Fence_02_114_Spline_Fence2_2,-232.19082641601562,-9.448296546936035,4.571313858032227,0.5342892408370972,-0.014850499108433723,0.02207990176975727,0.8448827862739563
SM_Fence_Wires_01_115_Spline_Fence2_2,-4.37111759185791,-9.448290824890137,4.579020023345947,1.7310546809312655e-06,0.0,-0.0,-1.0
SM_Fence_02_116_Spline_Fence2_2,-236.18988037109375,-9.448296546936035,4.570505619049072,0.20455503463745117,-0.023542309179902077,0.036002714186906815,0.9779093861579895
SM_Fence_Wires_01_117_Spline_Fence2_2,-4.37111759185791,-9.448290824890137,4.579020023345947,1.7310546809312655e-06,0.0,-0.0,-1.0
SM_Fence_02_118_Spline_Fence2_2,-240.19869995117188,-9.448296546936035,4.569312572479248,0.21967409551143646,0.01989402249455452,-0.02697252482175827,-0.9749974608421326
SM_Fence_Wires_01_119_Spline_Fence2_2,-4.37111759185791,-9.448290824890137,4.579020023345947,1.7310546809312655e-06,0.0,-0.0,-1.0
SM_Fence_02_120_Spline_Fence2_2,-244.2122802734375,-9.448296546936035,4.568202018737793,0.5308758020401001,0.010820252820849419,0.02366006188094616,0.8470501899719238
SM_Fence_Wires_01_121_Spline_Fence2_2,-4.37111759185791,-9.448290824890137,4.579020023345947,1.7310546809312655e-06,0.0,-0.0,-1.0
SkeletalMeshActor_0,20.978759765625,10.973658561706543,3.6225972175598145,0.6427876353263855,0.0,-0.0,-0.7660444378852844
SM_CineCam_0_ExternalCamera,-3.0515315532684326,0.0,-1.3033769130706787,0.6757752299308777,-0.20815341174602509,-0.20815341174602509,0.6757752299308777
MatineeCam_SM_1_ExternalCamera,-3.0,0.0,-1.2973350286483765,0.9556905031204224,0.0,-0.29437336325645447,0.0
MatineeCam_SM_2_ExternalCamera,-3.0,0.0,-1.2973350286483765,0.9556905031204224,0.0,-0.29437336325645447,0.0
MatineeCam_SM_3_ExternalCamera,-3.0,0.0,-1.2972986698150635,0.9556917548179626,0.0,-0.29436933994293213,0.0
MatineeCam_SM_4_ExternalCamera,-3.0,0.0,-1.2972986698150635,0.9556917548179626,0.0,-0.29436933994293213,0.0
MatineeCam_SM_5_ExternalCamera,-3.0,0.0,-1.2972986698150635,0.9556917548179626,0.0,-0.29436933994293213,0.0
Cone_6_ExternalCamera,-3.0,0.0,-1.2972986698150635,0.8839266896247864,-0.0,0.46762555837631226,0.0
MatineeCam_SM_7_ExternalCamera,-3.0,0.0,-1.2972986698150635,0.9556917548179626,0.0,-0.29436933994293213,0.0
MatineeCam_SM_8_ExternalCamera,-3.0,0.0,-1.2972986698150635,0.9556917548179626,0.0,-0.29436933994293213,0.0
MatineeCam_SM_9_ExternalCamera,-3.0,0.0,-1.2972986698150635,0.9556917548179626,0.0,-0.29436933994293213,0.0
MatineeCam_SM_10_ExternalCamera,-3.0,0.0,-1.2972986698150635,0.9556917548179626,0.0,-0.29436933994293213,0.0
MatineeCam_SM_11_ExternalCamera,-3.0,0.0,-1.2972986698150635,0.9556917548179626,0.0,-0.29436933994293213,0.0
MatineeCam_SM_12_ExternalCamera,-3.0,0.0,-1.2972986698150635,0.9556917548179626,0.0,-0.29436933994293213,0.0
DJI_S900_0_Drone1,0.0,0.0,0.7444829344749451,0.8191519975662231,-0.0,0.0,0.5735764503479004
DJI_MotorProp_1_Drone1,-0.7945928573608398,-0.1364630162715912,0.7434829473495483,0.9505693316459656,-0.0,0.0,0.31051233410835266
DJI_MotorProp_2_Drone1,0.5269535779953003,-0.6281082034111023,0.7434829473495483,0.9505693316459656,-0.0,0.0,0.31051233410835266
DJI_MotorProp_3_Drone1,-0.5235333442687988,0.6375051140785217,0.7434829473495483,0.6168999671936035,-0.0,0.0,0.7870416045188904
DJI_MotorProp_4_Drone1,0.7886161208152771,0.1492801457643509,0.7434829473495483,0.6168999671936035,-0.0,0.0,0.7870416045188904
SM_CineCam_0_FrontRightCamera_Drone1,1.315044641494751,-0.5212040543556213,0.7684829235076904,0.8191519975662231,-0.0,0.0,0.5735764503479004
MatineeCam_SM_1_FrontRightCamera_Drone1,1.3582704067230225,-0.5369369387626648,0.7444829344749451,0.9848077893257141,0.0,-0.0,-0.17364811897277832
MatineeCam_SM_2_FrontRightCamera_Drone1,1.3582704067230225,-0.5369369387626648,0.7444829344749451,0.9848077893257141,0.0,-0.0,-0.17364811897277832
MatineeCam_SM_3_FrontRightCamera_Drone1,1.3582704067230225,-0.5369369387626648,0.7444829344749451,0.9848077893257141,0.0,-0.0,-0.17364811897277832
MatineeCam_SM_4_FrontRightCamera_Drone1,1.3582704067230225,-0.5369369387626648,0.7444829344749451,0.9848077893257141,0.0,-0.0,-0.17364811897277832
MatineeCam_SM_5_FrontRightCamera_Drone1,1.3582704067230225,-0.5369369387626648,0.7444829344749451,0.9848077893257141,0.0,-0.0,-0.17364811897277832
Cone_6_FrontRightCamera_Drone1,1.3582704067230225,-0.5369369387626648,0.7444829344749451,0.6963642239570618,0.12278776615858078,0.6963642239570618,-0.12278776615858078
MatineeCam_SM_7_FrontRightCamera_Drone1,1.3582704067230225,-0.5369369387626648,0.7444829344749451,0.9848077893257141,0.0,-0.0,-0.17364811897277832
MatineeCam_SM_8_FrontRightCamera_Drone1,1.3582704067230225,-0.5369369387626648,0.7444829344749451,0.9848077893257141,0.0,-0.0,-0.17364811897277832
MatineeCam_SM_9_FrontRightCamera_Drone1,1.3582704067230225,-0.5369369387626648,0.7444829344749451,0.9848077893257141,0.0,-0.0,-0.17364811897277832
MatineeCam_SM_10_FrontRightCamera_Drone1,1.3582704067230225,-0.5369369387626648,0.7444829344749451,0.9848077893257141,0.0,-0.0,-0.17364811897277832
MatineeCam_SM_11_FrontRightCamera_Drone1,1.3582704067230225,-0.5369369387626648,0.7444829344749451,0.9848077893257141,0.0,-0.0,-0.17364811897277832
MatineeCam_SM_12_FrontRightCamera_Drone1,1.3582704067230225,-0.5369369387626648,0.7444829344749451,0.9848077893257141,0.0,-0.0,-0.17364811897277832
SM_CineCam_0_FrontLeftCamera_Drone1,-1.1925044059753418,0.3169764280319214,0.7684829235076904,0.5735764503479004,0.0,-0.0,-0.8191519975662231
MatineeCam_SM_1_FrontLeftCamera_Drone1,-1.2357302904129028,0.33270934224128723,0.7444829344749451,0.17364813387393951,-0.0,0.0,0.9848077893257141
MatineeCam_SM_2_FrontLeftCamera_Drone1,-1.2357302904129028,0.33270934224128723,0.7444829344749451,0.17364813387393951,-0.0,0.0,0.9848077893257141
MatineeCam_SM_3_FrontLeftCamera_Drone1,-1.2357302904129028,0.33270934224128723,0.7444829344749451,0.17364813387393951,-0.0,0.0,0.9848077893257141
MatineeCam_SM_4_FrontLeftCamera_Drone1,-1.2357302904129028,0.33270934224128723,0.7444829344749451,0.17364813387393951,-0.0,0.0,0.9848077893257141
MatineeCam_SM_5_FrontLeftCamera_Drone1,-1.2357302904129028,0.33270934224128723,0.7444829344749451,0.17364813387393951,-0.0,0.0,0.9848077893257141
Cone_6_FrontLeftCamera_Drone1,-1.2357302904129028,0.33270934224128723,0.7444829344749451,0.12278777360916138,-0.6963642239570618,0.12278777360916138,0.6963642239570618
MatineeCam_SM_7_FrontLeftCamera_Drone1,-1.2357302904129028,0.33270934224128723,0.7444829344749451,0.17364813387393951,-0.0,0.0,0.9848077893257141
MatineeCam_SM_8_FrontLeftCamera_Drone1,-1.2357302904129028,0.33270934224128723,0.7444829344749451,0.17364813387393951,-0.0,0.0,0.9848077893257141
MatineeCam_SM_9_FrontLeftCamera_Drone1,-1.2357302904129028,0.33270934224128723,0.7444829344749451,0.17364813387393951,-0.0,0.0,0.9848077893257141
MatineeCam_SM_10_FrontLeftCamera_Drone1,-1.2357302904129028,0.33270934224128723,0.7444829344749451,0.17364813387393951,-0.0,0.0,0.9848077893257141
MatineeCam_SM_11_FrontLeftCamera_Drone1,-1.2357302904129028,0.33270934224128723,0.7444829344749451,0.17364813387393951,-0.0,0.0,0.9848077893257141
MatineeCam_SM_12_FrontLeftCamera_Drone1,-1.2357302904129028,0.33270934224128723,0.7444829344749451,0.17364813387393951,-0.0,0.0,0.9848077893257141
SM_CineCam_0_FrontCenterCamera_Drone1,-0.372173547744751,-1.0225385427474976,0.7422675490379333,0.9512512683868408,-0.25488701462745667,0.04494345188140869,-0.16773125529289246
MatineeCam_SM_1_FrontCenterCamera_Drone1,-0.38990291953086853,-1.0712496042251587,0.7444829344749451,0.5540323257446289,-0.2120121419429779,-0.1484525054693222,-0.7912400960922241
MatineeCam_SM_2_FrontCenterCamera_Drone1,-0.38990291953086853,-1.0712496042251587,0.7444829344749451,0.5540323257446289,-0.2120121419429779,-0.1484525054693222,-0.7912400960922241
MatineeCam_SM_3_FrontCenterCamera_Drone1,-0.38990291953086853,-1.0712496042251587,0.7444829344749451,0.5540323257446289,-0.2120121419429779,-0.1484525054693222,-0.7912400960922241
MatineeCam_SM_4_FrontCenterCamera_Drone1,-0.38990291953086853,-1.0712496042251587,0.7444829344749451,0.5540323257446289,-0.2120121419429779,-0.1484525054693222,-0.7912400960922241
MatineeCam_SM_5_FrontCenterCamera_Drone1,-0.38990291953086853,-1.0712496042251587,0.7444829344749451,0.5540323257446289,-0.2120121419429779,-0.1484525054693222,-0.7912400960922241
Cone_6_FrontCenterCamera_Drone1,-0.38990291953086853,-1.0712496042251587,0.7444829344749451,0.4967317581176758,0.40957602858543396,0.2867882251739502,-0.7094064950942993
MatineeCam_SM_7_FrontCenterCamera_Drone1,-0.38990291953086853,-1.0712496042251587,0.7444829344749451,0.5540323257446289,-0.2120121419429779,-0.1484525054693222,-0.7912400960922241
MatineeCam_SM_8_FrontCenterCamera_Drone1,-0.38990291953086853,-1.0712496042251587,0.7444829344749451,0.5540323257446289,-0.2120121419429779,-0.1484525054693222,-0.7912400960922241
MatineeCam_SM_9_FrontCenterCamera_Drone1,-0.38990291953086853,-1.0712496042251587,0.7444829344749451,0.5540323257446289,-0.2120121419429779,-0.1484525054693222,-0.7912400960922241
MatineeCam_SM_10_FrontCenterCamera_Drone1,-0.38990291953086853,-1.0712496042251587,0.7444829344749451,0.5540323257446289,-0.2120121419429779,-0.1484525054693222,-0.7912400960922241
MatineeCam_SM_11_FrontCenterCamera_Drone1,-0.38990291953086853,-1.0712496042251587,0.7444829344749451,0.5540323257446289,-0.2120121419429779,-0.1484525054693222,-0.7912400960922241
MatineeCam_SM_12_FrontCenterCamera_Drone1,-0.38990291953086853,-1.0712496042251587,0.7444829344749451,0.5540323257446289,-0.2120121419429779,-0.1484525054693222,-0.7912400960922241
SM_CineCam_0_BackCenterCamera_Drone1,0.37416985630989075,1.0280237197875977,0.7684829235076904,0.17364811897277832,-0.0,0.0,0.9848077893257141
MatineeCam_SM_1_BackCenterCamera_Drone1,0.3899027705192566,1.0712496042251587,0.7444829344749451,0.8191519975662231,-0.0,0.0,0.5735765099525452
MatineeCam_SM_2_BackCenterCamera_Drone1,0.3899027705192566,1.0712496042251587,0.7444829344749451,0.8191519975662231,-0.0,0.0,0.5735765099525452
MatineeCam_SM_3_BackCenterCamera_Drone1,0.3899027705192566,1.0712496042251587,0.7444829344749451,0.8191519975662231,-0.0,0.0,0.5735765099525452
MatineeCam_SM_4_BackCenterCamera_Drone1,0.3899027705192566,1.0712496042251587,0.7444829344749451,0.8191519975662231,-0.0,0.0,0.5735765099525452
MatineeCam_SM_5_BackCenterCamera_Drone1,0.3899027705192566,1.0712496042251587,0.7444829344749451,0.8191519975662231,-0.0,0.0,0.5735765099525452
Cone_6_BackCenterCamera_Drone1,0.3899027705192566,1.0712496042251587,0.7444829344749451,0.5792279243469238,-0.4055798351764679,0.5792279243469238,0.4055798351764679
MatineeCam_SM_7_BackCenterCamera_Drone1,0.3899027705192566,1.0712496042251587,0.7444829344749451,0.8191519975662231,-0.0,0.0,0.5735765099525452
MatineeCam_SM_8_BackCenterCamera_Drone1,0.3899027705192566,1.0712496042251587,0.7444829344749451,0.8191519975662231,-0.0,0.0,0.5735765099525452
MatineeCam_SM_9_BackCenterCamera_Drone1,0.3899027705192566,1.0712496042251587,0.7444829344749451,0.8191519975662231,-0.0,0.0,0.5735765099525452
MatineeCam_SM_10_BackCenterCamera_Drone1,0.3899027705192566,1.0712496042251587,0.7444829344749451,0.8191519975662231,-0.0,0.0,0.5735765099525452
MatineeCam_SM_11_BackCenterCamera_Drone1,0.3899027705192566,1.0712496042251587,0.7444829344749451,0.8191519975662231,-0.0,0.0,0.5735765099525452
MatineeCam_SM_12_BackCenterCamera_Drone1,0.3899027705192566,1.0712496042251587,0.7444829344749451,0.8191519975662231,-0.0,0.0,0.5735765099525452
SM_CineCam_0_BottomCenterCamera_Drone1,-0.008208481594920158,-0.022552624344825745,2.0184829235076904,0.12278777360916138,-0.12278777360916138,-0.6963642239570618,0.6963642239570618
MatineeCam_SM_1_BottomCenterCamera_Drone1,0.0,0.0,2.0644829273223877,0.5792279243469238,0.4055798053741455,-0.5792279243469238,0.4055798053741455
MatineeCam_SM_2_BottomCenterCamera_Drone1,0.0,0.0,2.0644829273223877,0.5792279243469238,0.4055798053741455,-0.5792279243469238,0.4055798053741455
MatineeCam_SM_3_BottomCenterCamera_Drone1,0.0,0.0,2.0644829273223877,0.5792279243469238,0.4055798053741455,-0.5792279243469238,0.4055798053741455
MatineeCam_SM_4_BottomCenterCamera_Drone1,0.0,0.0,2.0644829273223877,0.5792279243469238,0.4055798053741455,-0.5792279243469238,0.4055798053741455
MatineeCam_SM_5_BottomCenterCamera_Drone1,0.0,0.0,2.0644829273223877,0.5792279243469238,0.4055798053741455,-0.5792279243469238,0.4055798053741455
Cone_6_BottomCenterCamera_Drone1,0.0,0.0,2.0644829273223877,0.8191519975662231,-1.5407439555097887e-32,5.551115123125783e-17,0.5735764503479004
MatineeCam_SM_7_BottomCenterCamera_Drone1,0.0,0.0,2.0644829273223877,0.5792279243469238,0.4055798053741455,-0.5792279243469238,0.4055798053741455
MatineeCam_SM_8_BottomCenterCamera_Drone1,0.0,0.0,2.0644829273223877,0.5792279243469238,0.4055798053741455,-0.5792279243469238,0.4055798053741455
MatineeCam_SM_9_BottomCenterCamera_Drone1,0.0,0.0,2.0644829273223877,0.5792279243469238,0.4055798053741455,-0.5792279243469238,0.4055798053741455
MatineeCam_SM_10_BottomCenterCamera_Drone1,0.0,0.0,2.0644829273223877,0.5792279243469238,0.4055798053741455,-0.5792279243469238,0.4055798053741455
MatineeCam_SM_11_BottomCenterCamera_Drone1,0.0,0.0,2.0644829273223877,0.5792279243469238,0.4055798053741455,-0.5792279243469238,0.4055798053741455
MatineeCam_SM_12_BottomCenterCamera_Drone1,0.0,0.0,2.0644829273223877,0.5792279243469238,0.4055798053741455,-0.5792279243469238,0.4055798053741455
SM_CineCam_0_BP_PIPCamera_C_5,-0.3262871205806732,-0.8964667916297913,0.7684829235076904,0.9848077893257141,0.0,-0.0,-0.17364813387393951
MatineeCam_SM_1_BP_PIPCamera_C_5,-0.34202003479003906,-0.9396926164627075,0.7444829344749451,0.5735764503479004,0.0,-0.0,-0.8191519975662231
MatineeCam_SM_2_BP_PIPCamera_C_5,-0.34202003479003906,-0.9396926164627075,0.7444829344749451,0.5735764503479004,0.0,-0.0,-0.8191519975662231
MatineeCam_SM_3_BP_PIPCamera_C_5,-0.34202003479003906,-0.9396926164627075,0.7444829344749451,0.5735764503479004,0.0,-0.0,-0.8191519975662231
MatineeCam_SM_4_BP_PIPCamera_C_5,-0.34202003479003906,-0.9396926164627075,0.7444829344749451,0.5735764503479004,0.0,-0.0,-0.8191519975662231
MatineeCam_SM_5_BP_PIPCamera_C_5,-0.34202003479003906,-0.9396926164627075,0.7444829344749451,0.5735764503479004,0.0,-0.0,-0.8191519975662231
Cone_6_BP_PIPCamera_C_5,-0.34202003479003906,-0.9396926164627075,0.7444829344749451,0.4055798053741455,0.5792279243469238,0.4055798053741455,-0.5792279243469238
MatineeCam_SM_7_BP_PIPCamera_C_5,-0.34202003479003906,-0.9396926164627075,0.7444829344749451,0.5735764503479004,0.0,-0.0,-0.8191519975662231
MatineeCam_SM_8_BP_PIPCamera_C_5,-0.34202003479003906,-0.9396926164627075,0.7444829344749451,0.5735764503479004,0.0,-0.0,-0.8191519975662231
MatineeCam_SM_9_BP_PIPCamera_C_5,-0.34202003479003906,-0.9396926164627075,0.7444829344749451,0.5735764503479004,0.0,-0.0,-0.8191519975662231
MatineeCam_SM_10_BP_PIPCamera_C_5,-0.34202003479003906,-0.9396926164627075,0.7444829344749451,0.5735764503479004,0.0,-0.0,-0.8191519975662231
MatineeCam_SM_11_BP_PIPCamera_C_5,-0.34202003479003906,-0.9396926164627075,0.7444829344749451,0.5735764503479004,0.0,-0.0,-0.8191519975662231
MatineeCam_SM_12_BP_PIPCamera_C_5,-0.34202003479003906,-0.9396926164627075,0.7444829344749451,0.5735764503479004,0.0,-0.0,-0.8191519975662231
SM_CineCam_0_BP_PIPCamera_C_6,0.008208481594920158,0.022552624344825745,-0.20951704680919647,0.12278777360916138,0.12278777360916138,0.6963642239570618,0.6963642239570618
MatineeCam_SM_1_BP_PIPCamera_C_6,0.0,0.0,-0.25551703572273254,0.5792279243469238,-0.4055798053741455,0.5792279243469238,0.4055798053741455
MatineeCam_SM_2_BP_PIPCamera_C_6,0.0,0.0,-0.25551703572273254,0.5792279243469238,-0.4055798053741455,0.5792279243469238,0.4055798053741455
MatineeCam_SM_3_BP_PIPCamera_C_6,0.0,0.0,-0.25551703572273254,0.5792279243469238,-0.4055798053741455,0.5792279243469238,0.4055798053741455
MatineeCam_SM_4_BP_PIPCamera_C_6,0.0,0.0,-0.25551703572273254,0.5792279243469238,-0.4055798053741455,0.5792279243469238,0.4055798053741455
MatineeCam_SM_5_BP_PIPCamera_C_6,0.0,0.0,-0.25551703572273254,0.5792279243469238,-0.4055798053741455,0.5792279243469238,0.4055798053741455
Cone_6_BP_PIPCamera_C_6,0.0,0.0,-0.25551703572273254,1.7294876212226934e-16,-0.5735764503479004,0.8191519975662231,4.634914987411023e-17
MatineeCam_SM_7_BP_PIPCamera_C_6,0.0,0.0,-0.25551703572273254,0.5792279243469238,-0.4055798053741455,0.5792279243469238,0.4055798053741455
MatineeCam_SM_8_BP_PIPCamera_C_6,0.0,0.0,-0.25551703572273254,0.5792279243469238,-0.4055798053741455,0.5792279243469238,0.4055798053741455
MatineeCam_SM_9_BP_PIPCamera_C_6,0.0,0.0,-0.25551703572273254,0.5792279243469238,-0.4055798053741455,0.5792279243469238,0.4055798053741455
MatineeCam_SM_10_BP_PIPCamera_C_6,0.0,0.0,-0.25551703572273254,0.5792279243469238,-0.4055798053741455,0.5792279243469238,0.4055798053741455
MatineeCam_SM_11_BP_PIPCamera_C_6,0.0,0.0,-0.25551703572273254,0.5792279243469238,-0.4055798053741455,0.5792279243469238,0.4055798053741455
MatineeCam_SM_12_BP_PIPCamera_C_6,0.0,0.0,-0.25551703572273254,0.5792279243469238,-0.4055798053741455,0.5792279243469238,0.4055798053741455
SM_CineCam_0_BP_PIPCamera_C_7,0.32892560958862305,0.903715968132019,0.7094655632972717,0.14224421977996826,-0.09960047900676727,-0.5648625493049622,0.8067072629928589
MatineeCam_SM_1_BP_PIPCamera_C_7,0.34202003479003906,0.9396926164627075,0.7444829344749451,0.6710100769996643,0.3289899528026581,-0.46984630823135376,0.46984633803367615
MatineeCam_SM_2_BP_PIPCamera_C_7,0.34202003479003906,0.9396926164627075,0.7444829344749451,0.6710100769996643,0.3289899528026581,-0.46984630823135376,0.46984633803367615
MatineeCam_SM_3_BP_PIPCamera_C_7,0.34202003479003906,0.9396926164627075,0.7444829344749451,0.6710100769996643,0.3289899528026581,-0.46984630823135376,0.46984633803367615
MatineeCam_SM_4_BP_PIPCamera_C_7,0.34202003479003906,0.9396926164627075,0.7444829344749451,0.6710100769996643,0.3289899528026581,-0.46984630823135376,0.46984633803367615
MatineeCam_SM_5_BP_PIPCamera_C_7,0.34202003479003906,0.9396926164627075,0.7444829344749451,0.6710100769996643,0.3289899528026581,-0.46984630823135376,0.46984633803367615
Cone_6_BP_PIPCamera_C_7,0.34202003479003906,0.9396926164627075,0.7444829344749451,0.8067072629928589,-0.09960050880908966,0.14224424958229065,0.5648625493049622
MatineeCam_SM_7_BP_PIPCamera_C_7,0.34202003479003906,0.9396926164627075,0.7444829344749451,0.6710100769996643,0.3289899528026581,-0.46984630823135376,0.46984633803367615
MatineeCam_SM_8_BP_PIPCamera_C_7,0.34202003479003906,0.9396926164627075,0.7444829344749451,0.6710100769996643,0.3289899528026581,-0.46984630823135376,0.46984633803367615
MatineeCam_SM_9_BP_PIPCamera_C_7,0.34202003479003906,0.9396926164627075,0.7444829344749451,0.6710100769996643,0.3289899528026581,-0.46984630823135376,0.46984633803367615
MatineeCam_SM_10_BP_PIPCamera_C_7,0.34202003479003906,0.9396926164627075,0.7444829344749451,0.6710100769996643,0.3289899528026581,-0.46984630823135376,0.46984633803367615
MatineeCam_SM_11_BP_PIPCamera_C_7,0.34202003479003906,0.9396926164627075,0.7444829344749451,0.6710100769996643,0.3289899528026581,-0.46984630823135376,0.46984633803367615
MatineeCam_SM_12_BP_PIPCamera_C_7,0.34202003479003906,0.9396926164627075,0.7444829344749451,0.6710100769996643,0.3289899528026581,-0.46984630823135376,0.46984633803367615
SM_CineCam_0_BP_PIPCamera_C_8,0.8964667916297913,-0.3262871205806732,0.7684829235076904,0.8191519975662231,-0.0,0.0,0.5735764503479004
MatineeCam_SM_1_BP_PIPCamera_C_8,0.9396926164627075,-0.34202003479003906,0.7444829344749451,0.9848077893257141,0.0,-0.0,-0.17364813387393951
MatineeCam_SM_2_BP_PIPCamera_C_8,0.9396926164627075,-0.34202003479003906,0.7444829344749451,0.9848077893257141,0.0,-0.0,-0.17364813387393951
MatineeCam_SM_3_BP_PIPCamera_C_8,0.9396926164627075,-0.34202003479003906,0.7444829344749451,0.9848077893257141,0.0,-0.0,-0.17364813387393951
MatineeCam_SM_4_BP_PIPCamera_C_8,0.9396926164627075,-0.34202003479003906,0.7444829344749451,0.9848077893257141,0.0,-0.0,-0.17364813387393951
MatineeCam_SM_5_BP_PIPCamera_C_8,0.9396926164627075,-0.34202003479003906,0.7444829344749451,0.9848077893257141,0.0,-0.0,-0.17364813387393951
Cone_6_BP_PIPCamera_C_8,0.9396926164627075,-0.34202003479003906,0.7444829344749451,0.6963642239570618,0.12278777360916138,0.6963642239570618,-0.12278777360916138
MatineeCam_SM_7_BP_PIPCamera_C_8,0.9396926164627075,-0.34202003479003906,0.7444829344749451,0.9848077893257141,0.0,-0.0,-0.17364813387393951
MatineeCam_SM_8_BP_PIPCamera_C_8,0.9396926164627075,-0.34202003479003906,0.7444829344749451,0.9848077893257141,0.0,-0.0,-0.17364813387393951
MatineeCam_SM_9_BP_PIPCamera_C_8,0.9396926164627075,-0.34202003479003906,0.7444829344749451,0.9848077893257141,0.0,-0.0,-0.17364813387393951
MatineeCam_SM_10_BP_PIPCamera_C_8,0.9396926164627075,-0.34202003479003906,0.7444829344749451,0.9848077893257141,0.0,-0.0,-0.17364813387393951
MatineeCam_SM_11_BP_PIPCamera_C_8,0.9396926164627075,-0.34202003479003906,0.7444829344749451,0.9848077893257141,0.0,-0.0,-0.17364813387393951
MatineeCam_SM_12_BP_PIPCamera_C_8,0.9396926164627075,-0.34202003479003906,0.7444829344749451,0.9848077893257141,0.0,-0.0,-0.17364813387393951
SM_CineCam_0_BP_PIPCamera_C_9,-0.8964667916297913,0.3262871205806732,0.7684829235076904,0.5735764503479004,0.0,-0.0,-0.8191519975662231
MatineeCam_SM_1_BP_PIPCamera_C_9,-0.9396926164627075,0.34202003479003906,0.7444829344749451,0.17364813387393951,-0.0,0.0,0.9848077893257141
MatineeCam_SM_2_BP_PIPCamera_C_9,-0.9396926164627075,0.34202003479003906,0.7444829344749451,0.17364813387393951,-0.0,0.0,0.9848077893257141
MatineeCam_SM_3_BP_PIPCamera_C_9,-0.9396926164627075,0.34202003479003906,0.7444829344749451,0.17364813387393951,-0.0,0.0,0.9848077893257141
MatineeCam_SM_4_BP_PIPCamera_C_9,-0.9396926164627075,0.34202003479003906,0.7444829344749451,0.17364813387393951,-0.0,0.0,0.9848077893257141
MatineeCam_SM_5_BP_PIPCamera_C_9,-0.9396926164627075,0.34202003479003906,0.7444829344749451,0.17364813387393951,-0.0,0.0,0.9848077893257141
Cone_6_BP_PIPCamera_C_9,-0.9396926164627075,0.34202003479003906,0.7444829344749451,0.12278777360916138,-0.6963642239570618,0.12278777360916138,0.6963642239570618
MatineeCam_SM_7_BP_PIPCamera_C_9,-0.9396926164627075,0.34202003479003906,0.7444829344749451,0.17364813387393951,-0.0,0.0,0.9848077893257141
MatineeCam_SM_8_BP_PIPCamera_C_9,-0.9396926164627075,0.34202003479003906,0.7444829344749451,0.17364813387393951,-0.0,0.0,0.9848077893257141
MatineeCam_SM_9_BP_PIPCamera_C_9,-0.9396926164627075,0.34202003479003906,0.7444829344749451,0.17364813387393951,-0.0,0.0,0.9848077893257141
MatineeCam_SM_10_BP_PIPCamera_C_9,-0.9396926164627075,0.34202003479003906,0.7444829344749451,0.17364813387393951,-0.0,0.0,0.9848077893257141
MatineeCam_SM_11_BP_PIPCamera_C_9,-0.9396926164627075,0.34202003479003906,0.7444829344749451,0.17364813387393951,-0.0,0.0,0.9848077893257141
MatineeCam_SM_12_BP_PIPCamera_C_9,-0.9396926164627075,0.34202003479003906,0.7444829344749451,0.17364813387393951,-0.0,0.0,0.9848077893257141
